,Region Total,Army,Navy,USMC,Korea,Month,Year
Gaming Machine Revenue,"18,41,802.55","18,27,442.35","14,360.20",0.00,Korea,March,2023
Total Revenue,"18,41,802.55","18,27,442.35","14,360.20",0.00,Korea,March,2023
Direct NAFI Reimbursement Gaming NAFI,"3,81,020.15","3,70,968.00","10,052.15",0.00,Korea,March,2023
Total Direct Reimbursement,"3,81,020.15","3,70,968.00","10,052.15",0.00,Korea,March,2023
Net Revenue,"14,60,782.40","14,56,474.35","4,308.05",0.00,Korea,March,2023
Operating Expenses Compensation & Benefits,"1,59,408.61","1,55,146.32","4,262.29",0.00,Korea,March,2023
Depreciation Expense,"77,723.82","76,871.74",852.08,0.00,Korea,March,2023
Contractor Fees,"4,064.90","3,952.83",112.07,0.00,Korea,March,2023
Communications,"6,257.49","6,204.66",52.83,0.00,Korea,March,2023
TDY,"14,064.85","13,015.76","1,049.09",0.00,Korea,March,2023
PCS,"1,333.53","1,323.76",9.77,0.00,Korea,March,2023
IT Expense & Maint,"5,683.10","5,517.91",165.19,0.00,Korea,March,2023
Machine Expense & Maint,"24,950.27","24,287.91",662.36,0.00,Korea,March,2023
Vehicle Expense,745.07,742.62,2.45,0.00,Korea,March,2023
Training,0.00,0.00,0.00,0.00,Korea,March,2023
(Gain)/Loss on Disposals,0.00,0.00,0.00,0.00,Korea,March,2023
Audit-Independent,"2,091.68","2,034.01",57.67,0.00,Korea,March,2023
Audit-IMCOM Int Review,"1,280.36","1,245.06",35.30,0.00,Korea,March,2023
Other Expenses,"6,346.16","6,329.48",16.68,0.00,Korea,March,2023
Total Operating Expenses,"3,03,949.84","2,96,672.06","7,277.78",0.00,Korea,March,2023
Net Operating Income/(Loss),"11,56,832.56","11,59,802.29","-2,969.73",0.00,Korea,March,2023
Interest Revenue,"27,330.31","27,009.40",320.91,0.00,Korea,March,2023
Non-Operating Inc/(Exp),-41.73,-40.58,-1.15,0.00,Korea,March,2023
Net Income/(Loss),"11,84,121.14","11,86,771.11","-2,649.97",0.00,Korea,March,2023
Distributions,"11,84,121.14","11,86,771.11","-2,649.97",0.00,Korea,March,2023
Net Income/(Loss) After Distributions,0.00,0.00,0.00,0.00,Korea,March,2023
Gaming Machine Revenue,"21,68,861.92","21,61,602.02","7,259.90",0.00,Korea,January,2020
Total Revenue,"2,168,861;92","21,61,602.02","7,259.90",0.00,Korea,January,2020
Direct NAFI Reimbursement Gaming NAFI.,"4,26,270.65",". 412,125.45","14,145.20",0.00,Korea,January,2020
Total Direct Reimbursement,"4,26,270.65","412,125._45","14,145.20",0.00,Korea,January,2020
Net·Revenue,"17,42,591.27","17,49,476.57","-6,885.30",0.00,Korea,January,2020
Total Operating Expenses,"3,28,874.38","3,22,688.05","6,186.33",0.00,Korea,January,2020
Net· Operating Income/(Loss),"14,13,716.89","14,26,788.52","-13,071.63",0.00,Korea,January,2020
Interest Revenue,"11,564.81","11,391.42",173.39,0.00,Korea,January,2020
Net Income/(Loss),"14,25,281.70","14,38,179.94","-12,898.24",0.00,Korea,January,2020
Distributions,"13,28,968.23","13,42,868.43","-13,900.20",0.00,Korea,January,2020
Net Income/(Loss) After Distributions,"96,313.47","95,311.51","1,001.96",0.00,Korea,January,2020
Gaming Machine Revenue,"10,82,436.80","10,37,979.80","44,457.00",0.00,Korea,January,2021
Total Revenue,"10,82,436.80","10,37,979.80","44,457.00",0.00,Korea,January,2021
Total Direct Reimbursement,"2,79,063.45","2,47,943.55","31,119.90",0.00,Korea,January,2021
"Net Revenue
Operating Expenses","-8,03,373.35","7,90,036.25","13,337.10",0.00,Korea,January,2021
Gaming Machine Revenue,"13,26,346.90","12,91,879.20","34,467.70",0.00,Korea,January,2022
Total Revenue,"13,26,346.90","12,91,879.20","34,467.70",0.00,Korea,January,2022
Direct NAFI Reimbursement Gaming NAFI,"3,02,923.55","2,78,796.15","24,127.40",0.00,Korea,January,2022
Total Direct Reimbursement,"3,02,923.55","2,78,796.15","24,127.40",0.00,Korea,January,2022
Net Revenue,"10,23,423.35","10,13,083.05","10,340.30",0.00,Korea,January,2022
Operating Expenses Compensation & Benefits,"1,45,282.14","1,41,918.88","3,363.26",0.00,Korea,January,2022
Depreciation Expense,"80,825.04","79,957.23",867.81,0.00,Korea,January,2022
Contractor Fees,0.00,0.00,0.00,0.00,Korea,January,2022
Communications,"6,329.56","6,286.24",43.32,0.00,Korea,January,2022
TDY,67.96,66.21,1.75,0.00,Korea,January,2022
PCS,0.04,0.04,0.00,0.00,Korea,January,2022
IT Expense & Maint,"66,252.57","64,485.64","1,766.93",0.00,Korea,January,2022
Machine Expense & Maint,154.27,147.81,6.46,0.00,Korea,January,2022
Vehicle Expense,375.83,362.09,13.74,0.00,Korea,January,2022
Training,962.73,937.93,24.80,0.00,Korea,January,2022
(Gain)/Loss on Disposals,0.00,0.00,0.00,0.00,Korea,January,2022
Audit-Independent,"2,095.61","2,041.62",53.99,0.00,Korea,January,2022
Audit-IMCOM Int Review,"1,142.25","1,112.82",29.43,0.00,Korea,January,2022
Other Expenses,"5,892.69","5,769.07",123.62,0.00,Korea,January,2022
Total Operating Expenses,"3,09,380.69","3,03,085.58","6,295.11",0.00,Korea,January,2022
Net Operating Income/(Loss),"7,14,042.66","7,09,997.47","4,045.19",0.00,Korea,January,2022
Interest Revenue,"6,916.34","6,745.44",170.90,0.00,Korea,January,2022
Net Income/(Loss),"7,20,959.00","7,16,742.91","4,216.09",0.00,Korea,January,2022
Distributions,"7,20,959.00","7,16,742.91","4,216.09",0.00,Korea,January,2022
Net Income/(Loss) After Distributions,0.00,0.00,0.00,0.00,Korea,January,2022
Gaming Machine Revenue,"19,48,796.35","18,92,900.45","55,895.90",0.00,Korea,January,2023
Total Revenue,"19,48,796.35","18,92,900.45","55,895.90",0.00,Korea,January,2023
Direct NAFI Reimbursement Gaming NAFI,"3,70,010.45","3,37,029.50","32,980.95",0.00,Korea,January,2023
Total Direct Reimbursement,"3,70,010.45","3,37,029.50","32,980.95",0.00,Korea,January,2023
Net Revenue,"15,78,785.90","15,55,870.95","22,914.95",0.00,Korea,January,2023
Operating Expenses Compensation & Benefits,"1,55,061.11","1,52,694.90","2,366.21",0.00,Korea,January,2023
Depreciation Expense,"69,992.87","69,588.49",404.38,0.00,Korea,January,2023
Contractor Fees,560.96,545.49,15.47,0.00,Korea,January,2023
Communications,"7,197.46","7,173.56",23.90,0.00,Korea,January,2023
TDY,"1,489.92","1,448.84",41.08,0.00,Korea,January,2023
PCS,941.29,931.52,9.77,0.00,Korea,January,2023
IT Expense & Maint,"5,284.15","5,129.96",154.19,0.00,Korea,January,2023
Machine Expense & Maint,"1,173.01","1,172.82",0.19,0.00,Korea,January,2023
Vehicle Expense,6.23,5.29,0.94,0.00,Korea,January,2023
Training,0.00,0.00,0.00,0.00,Korea,January,2023
(Gain)/Loss on Disposals,"3,662.52","3,662.52",0.00,0.00,Korea,January,2023
Audit-Independent,"2,091.68","2,034.01",57.67,0.00,Korea,January,2023
Audit-IMCOM Int Review,531.36,516.71,14.65,0.00,Korea,January,2023
Other Expenses,"6,430.04","6,397.90",32.14,0.00,Korea,January,2023
Total Operating Expenses,"2,54,422.60","2,51,302.01","3,120.59",0.00,Korea,January,2023
Net Operating Income/(Loss),"13,24,363.30","13,04,568.94","19,794.36",0.00,Korea,January,2023
Interest Revenue,"21,466.34","21,214.28",252.06,0.00,Korea,January,2023
Non-Operating Inc/(Exp),-327.46,-318.43,-9.03,0.00,Korea,January,2023
Net Income/(Loss),"13,45,502.18","13,25,464.79","20,037.39",0.00,Korea,January,2023
Distributions,"13,45,502.18","13,25,464.79","20,037.39",0.00,Korea,January,2023
Net Income/(Loss) After Distributions,0.00,0.00,0.00,0.00,Korea,January,2023
Gaming Machine Revenue,"22,08,995.90","21,81,749.15","27,246.75",0.00,Korea,January,2024
Total Revenue,"22,08,995.90","21,81,749.15","27,246.75",0.00,Korea,January,2024
Direct NAFI Reimbursement Gaming NAFI,"4,19,182.40","4,03,296.20","15,886.20",0.00,Korea,January,2024
Total Direct Reimbursement,"4,19,182.40","4,03,296.20","15,886.20",0.00,Korea,January,2024
Net Revenue,"17,89,813.50","17,78,452.95","11,360.55",0.00,Korea,January,2024
Operating Expenses Compensation & Benefits,"1,93,557.65","1,90,119.87","3,437.78",0.00,Korea,January,2024
Depreciation Expense,"1,01,686.23","1,00,689.79",996.44,0.00,Korea,January,2024
Contractor Fees,401.35,388.72,12.63,0.00,Korea,January,2024
Communications,"6,407.88","6,385.84",22.04,0.00,Korea,January,2024
TDY,"11,104.81","10,755.28",349.53,0.00,Korea,January,2024
PCS,"6,579.17","6,506.79",72.38,0.00,Korea,January,2024
IT Expense & Maint,"24,701.30","23,902.19",799.11,0.00,Korea,January,2024
Machine Expense & Maint,"2,571.01","2,518.98",52.03,0.00,Korea,January,2024
Vehicle Expense,740.47,734.38,6.09,0.00,Korea,January,2024
Training,0.00,0.00,0.00,0.00,Korea,January,2024
(Gain)/Loss on Disposals,0.00,0.00,0.00,0.00,Korea,January,2024
Audit-Independent,"2,200.25","2,131.00",69.25,0.00,Korea,January,2024
Audit-IMCOM Int Review,219.47,212.56,6.91,0.00,Korea,January,2024
Other Expenses,"6,491.43","6,424.17",67.26,0.00,Korea,January,2024
Total Operating Expenses,"3,56,661.02","3,50,769.57","5,891.45",0.00,Korea,January,2024
Net Operating Income/(Loss),"14,33,152.48","14,27,683.38","5,469.10",0.00,Korea,January,2024
Interest Revenue,"22,647.29","22,369.48",277.81,0.00,Korea,January,2024
Non-Operating Inc/(Exp),-79.54,-77.04,-2.50,0.00,Korea,January,2024
Net Income/(Loss),"14,55,720.23","14,49,975.82","5,744.41",0.00,Korea,January,2024
Distributions,"14,55,720.23","14,49,975.82","5,744.41",0.00,Korea,January,2024
Net Income/(Loss) After Distributions,0.00,0.00,0.00,0.00,Korea,January,2024
Gaming Machine Revenue,"16,51,353.40","15,95,674.40","55,679.00",0.00,Korea,Febraury,2020
Total Revenue,"16,51,353.40","15,95,674.40","55,679.00",0.00,Korea,Febraury,2020
Gaming NAFI,"3,64,657.70","3,34,745.65","29,912.05",0.00,Korea,Febraury,2020
Total Direct Reimbursement,"3,64,657.70","3,34,745.65","29,912.05",0.00,Korea,Febraury,2020
Net Revenue,"12,86,695.70","12,60,928.75","25,766.95",0.00,Korea,Febraury,2020
Compensation & Benefits,"1,47,041.86","1,43,248.58","3,793.28",0.00,Korea,Febraury,2020
Depreciation Expense,"95,617.98","94,627.65",990.33,0.00,Korea,Febraury,2020
Contractor Fees,601.62,588.16,13.46,0.00,Korea,Febraury,2020
Communications,"7,644.64","7,601.40",43.24,0.00,Korea,Febraury,2020
TDY,466.91,456.47,10.44,0.00,Korea,Febraury,2020
PCS,878.55,858.90,19.65,0.00,Korea,Febraury,2020
IT Expense &   Maint,"6,925.39","6,810.54",114.85,0.00,Korea,Febraury,2020
Machine Expense & Maint,"5,646.77","5,598.48",48.29,0.00,Korea,Febraury,2020
Vehicle Expense,665.24,648.90,16.34,0.00,Korea,Febraury,2020
Training,516.55,504.99,11.56,0.00,Korea,Febraury,2020
(Gain)/Loss on Disposals,"9,331.72","9,122.97",208.75,0.00,Korea,Febraury,2020
Audit-Independent,"2,157.24","2,108.98",48.26,0.00,Korea,Febraury,2020
Audit-IMCOM Int Review,87.29,85.34,1.95,0.00,Korea,Febraury,2020
Other Expenses,"7,321.16","7,204.07",117.09,0.00,Korea,Febraury,2020
Total Operating Expenses,"2,84,902.92","2,79,465.43","5,437.49",0.00,Korea,Febraury,2020
Net Operating Income/(Loss),"10,01,792.78","9,81,463.32","20,329.46",0.00,Korea,Febraury,2020
Interest Revenue,"7,389.71","7,278.92",110.79,0.00,Korea,Febraury,2020
Net Income/(Loss),"10,09,182.49","9,88,742.24","20,440.25",0.00,Korea,Febraury,2020
Distributions,"9,13,564.51","8,94,114.59","19,449.92",0.00,Korea,Febraury,2020
After Distributions,"95,617.98","94,627.65",990.33,0.00,Korea,Febraury,2020
Gaming Machine Revenue,"20,11,723.85","19,91,060.80","20,663.05",0.00,Korea,Febraury,2021
Total Revenue,"20,11,723.85","19,91,060.80","20,663.05",0.00,Korea,Febraury,2021
Direct NAFI Reimbursement Gaming NAFI,"3,90,012.75","3,75,548.60","14,464.15",0.00,Korea,Febraury,2021
Total Direct Reimbursement,"3,90,012.75","3,75,548.60","14,464.15",0.00,Korea,Febraury,2021
Net Revenue,"16,21,711.10","16,15,512.20","6,198.90",0.00,Korea,Febraury,2021
Operating Expenses Compensation & Benefits,"1,60,023.48","1,56,136.27","3,887.21",0.00,Korea,Febraury,2021
Depreciation Expense,"94,983.43","93,985.12",998.31,0.00,Korea,Febraury,2021
Contractor Fees,0.00,0.00,0.00,0.00,Korea,Febraury,2021
Communications,"5,211.13","5,168.39",42.74,0.00,Korea,Febraury,2021
TDY,5.75,5.62,0.13,0.00,Korea,Febraury,2021
PCS,770.65,753.21,17.44,0.00,Korea,Febraury,2021
IT Expense & Maint,"5,657.72","5,515.40",142.32,0.00,Korea,Febraury,2021
Machine Expense & Maint,"91,289.57","89,099.63","2,189.94",0.00,Korea,Febraury,2021
Vehicle Expense,283.46,271.37,12.09,0.00,Korea,Febraury,2021
Training,0.00,0.00,0.00,0.00,Korea,Febraury,2021
(Gain)/Loss on Disposals,0.00,0.00,0.00,0.00,Korea,Febraury,2021
Audit-Independent,"2,129.71","2,081.53",48.18,0.00,Korea,Febraury,2021
Audit-IMCOM Int Review,42.68,41.71,0.97,0.00,Korea,Febraury,2021
Other Expenses,"6,260.70","6,135.74",124.96,0.00,Korea,Febraury,2021
Total Operating Expenses,"3,66,658.28","3,59,193.99","7,464.29",0.00,Korea,Febraury,2021
Net Operating Income/(Loss),"12,55,052.82","12,56,318.21","-1,265.39",0.00,Korea,Febraury,2021
Interest Revenue,"7,496.37","7,368.21",128.16,0.00,Korea,Febraury,2021
Non-Operating Inc/(Exp),-117.64,-114.98,-2.66,0.00,Korea,Febraury,2021
Net Income/(Loss),"12,62,431.55","12,63,571.44","-1,139.89",0.00,Korea,Febraury,2021
Distributions,"11,67,448.12","11,69,586.32","-2,138.20",0.00,Korea,Febraury,2021
Net Income/(Loss) After Distributions,"94,983.43","93,985.12",998.31,0.00,Korea,Febraury,2021
Gaming Machine Revenue,"16,55,428.45","16,12,438.45","42,990.00",0.00,Korea,Febraury,2022
Total Revenue,"16,55,428.45","16,12,438.45","42,990.00",0.00,Korea,Febraury,2022
Direct NAFI Reimbursement Gaming NAFI,"3,57,950.95","3,27,857.95","30,093.00",0.00,Korea,Febraury,2022
Total Direct Reimbursement,"3,57,950.95","3,27,857.95","30,093.00",0.00,Korea,Febraury,2022
Net Revenue,"12,97,477.50","12,84,580.50","12,897.00",0.00,Korea,Febraury,2022
Operating Expenses Compensation & Benefits,"1,47,462.66","1,44,078.09","3,384.57",0.00,Korea,Febraury,2022
Depreciation Expense,"77,238.10","76,811.82",426.28,0.00,Korea,Febraury,2022
Contractor Fees,"3,189.75","3,107.57",82.18,0.00,Korea,Febraury,2022
Communications,"6,471.48","6,373.37",98.11,0.00,Korea,Febraury,2022
TDY,33.98,33.10,0.88,0.00,Korea,Febraury,2022
PCS,-424.79,-413.85,-10.94,0.00,Korea,Febraury,2022
IT Expense & Maint,"7,004.05","6,763.54",240.51,0.00,Korea,Febraury,2022
Machine Expense & Maint,"7,120.72","7,060.24",60.48,0.00,Korea,Febraury,2022
Vehicle Expense,699.38,672.88,26.50,0.00,Korea,Febraury,2022
Training,0.00,0.00,0.00,0.00,Korea,Febraury,2022
(Gain)/Loss on Disposals,0.00,0.00,0.00,0.00,Korea,Febraury,2022
Audit-Independent,"2,095.61","2,041.62",53.99,0.00,Korea,Febraury,2022
Audit-IMCOM Int Review,683.32,665.72,17.60,0.00,Korea,Febraury,2022
Other Expenses,"5,333.04","5,221.83",111.21,0.00,Korea,Febraury,2022
Total Operating Expenses,"2,56,907.30","2,52,415.93","4,491.37",0.00,Korea,Febraury,2022
Net Operating Income/(Loss),"10,40,570.20","10,32,164.57","8,405.63",0.00,Korea,Febraury,2022
Interest Revenue,"5,504.69","5,368.67",136.02,0.00,Korea,Febraury,2022
Non-Operating Inc/(Exp),-19.35,-18.85,-0.50,0.00,Korea,Febraury,2022
Net Income/(Loss),"10,46,055.54","10,37,514.39","8,541.15",0.00,Korea,Febraury,2022
Distributions,"10,46,055.54","10,37,514.39","8,541.15",0.00,Korea,Febraury,2022
Net Income/(Loss) After Distributions,0.00,0.00,0.00,0.00,Korea,Febraury,2022
Gaming Machine Revenue,"16,53,285.65","16,23,230.05","30,055.60",0.00,Korea,Febraury,2023
Total Revenue,"16,53,285.65","16,23,230.05","30,055.60",0.00,Korea,Febraury,2023
Gaming NAFI,"3,58,043.45","3,37,004.55","21,038.90",0.00,Korea,Febraury,2023
Total Direct Reimbursement,"3,58,043.45","3,37,004.55","21,038.90",0.00,Korea,Febraury,2023
Net Revenue,"12,95,242.20","12,86,225.50","9,016.70",0.00,Korea,Febraury,2023
Compensation & Benefits,"1,48,601.70","1,46,324.51","2,277.19",0.00,Korea,Febraury,2023
Depreciation Expense,"71,360.24","70,528.00",832.24,0.00,Korea,Febraury,2023
Contractor Fees,"1,151.17","1,119.43",31.74,0.00,Korea,Febraury,2023
Communications,"4,649.02","4,645.96",3.06,0.00,Korea,Febraury,2023
TDY,"17,195.19","16,729.72",465.47,0.00,Korea,Febraury,2023
PCS,700 .13-,-646.71,-53.42,0.00,Korea,Febraury,2023
IT Expense & Maint,"10,846 .24","10,624.30",221.94,0.00,Korea,Febraury,2023
Machine Expense & Maint,"l,407.58","1,372.23",35.35,0.00,Korea,Febraury,2023
Vehicle Expense,843.01,837.90,5.11,0.00,Korea,Febraury,2023
Training,0.00,0.00,0.00,0.00,Korea,Febraury,2023
(Gain)/Loss on Disposals,"7,662.19","7,662.19",0.00,0.00,Korea,Febraury,2023
Audit-Independent,"2,091.68","2,034.01",57.67,0.00,Korea,Febraury,2023
Audit-IMCOM Int Review,0.00,0.00,0.00,0.00,Korea,Febraury,2023
Other Expenses,"6,223.66","6,175.22",48.44,0.00,Korea,Febraury,2023
Total Operating Expenses,"2,71,331.55","2,67,406.76","3,924.79",0.00,Korea,Febraury,2023
Net Operating Income/(Loss),"10,23,910.65","10,18,818.74","5,091.91",0.00,Korea,Febraury,2023
Interest Revenue,"18,155.24","17,942.06",213.18,0.00,Korea,Febraury,2023
Non-Operating Inc/(Exp),-164.52,-159.98,-4.54,0.00,Korea,Febraury,2023
Net Income/(Loss),"10,41,901.37","10,36,600.82","5,300.55",0.00,Korea,Febraury,2023
Distributions,"10,41,901.37","10,36,600.82","5,300.55",0.00,Korea,Febraury,2023
After Distributions,0.00,0.00,0.00,0.00,Korea,Febraury,2023
Gaming Machine Revenue,"18,64,614.55","18,61,564.55","3,050.00",0.00,Korea,Febraury,2024
Total Revenue,"18,64,614.55","18,61,564.55","3,050.00",0.00,Korea,Febraury,2024
Gaming NAFI,"3,67,496.15","3,62,514.00","4,982.15",0.00,Korea,Febraury,2024
Total Direct Reimbursement,"3,67,496.15","3,62,514.00","4,982.15",0.00,Korea,Febraury,2024
Net Revenue,"14,97,118.40","14,99,050.55","-1,932.15",0.00,Korea,Febraury,2024
Compensation & Benefits,"193,193 .03","1,89,985.11","3,207.92",0.00,Korea,Febraury,2024
Depreciation Expense,"1,02,068.17","1,01,058.11","1,010.06",0.00,Korea,Febraury,2024
Contractor Fees,401.35,388.72,12.63,0.00,Korea,Febraury,2024
Communications,"5,086.50","5,071.63",14.87,0.00,Korea,Febraury,2024
TDY,5.60,5.42,0.18,0.00,Korea,Febraury,2024
PCS,"10,554.73","10,436.18",118.55,0.00,Korea,Febraury,2024
IT Expense & Maint,"7,784.35","7,516.76",267.59,0.00,Korea,Febraury,2024
Machine Expense & Maint,"8,874.53","8,874.30",0.23,0.00,Korea,Febraury,2024
Vehicle Expense,"1,378.81","1,375.75",3.06,0.00,Korea,Febraury,2024
Training,0.00,0.00,0.00,0.00,Korea,Febraury,2024
(Gain)/Loss on Disposals,"9,384.07","9,384.07",0.00,0.00,Korea,Febraury,2024
Audit-Independent,"2,200.25","2,131.00",69.25,0.00,Korea,Febraury,2024
Audit-IMCOM Int Review,"1,125.39","1,089.97",35.42,0.00,Korea,Febraury,2024
Other Expenses,"6,285.17","6,262.75",22.42,0.00,Korea,Febraury,2024
Total Operating Expenses,"3,48,341.95","3,43,579.77","4,762.18",0.00,Korea,Febraury,2024
Net Operating Income/(Loss),"11,48,776.45","11,55,470.78","-6,694.33",0.00,Korea,Febraury,2024
Interest Revenue,"17,127.03","16,702.55",424.48,0.00,Korea,Febraury,2024
Non-Operating Inc/(Exp),-23.55,-22.81,-0.74,0.00,Korea,Febraury,2024
Net Income/(Loss),"11,65,879.93","11,72,150.52","-6,270.59",0.00,Korea,Febraury,2024
Distributions,"11,65,879.93","11,72,150.52","-6,270.59",0.00,Korea,Febraury,2024
After Distributions,0.00,0.00,0.00,0.00,Korea,Febraury,2024
Gaming Machine Revenue,"16,33,801.99","15,92,776.48","41,025.51",0.00,Korea,March,2020
Total Revenue,"16,33,801.99","15,92,776.48","41,025.51",0.00,Korea,March,2020
Gaming NAFI,"3,22,487.30","2,93,579.40","28,907.90",0.00,Korea,March,2020
Total Direct Reimbursement,"3,22,487.30","2,93,579.40","28,907.90",0.00,Korea,March,2020
Net Revenue,"13,11,314.69","12,99,197.08","12,117.61",0.00,Korea,March,2020
Compensation & Benefits,"1,65,128.70","1,61,282.90","3,845.80",0.00,Korea,March,2020
Depreciation Expense,"95,584.60","94,595.01",989.59,0.00,Korea,March,2020
Contractor Fees,"2,446.79","2,392.05",54.74,0.00,Korea,March,2020
Communications,"5,033.43","4,992.01",41.42,0.00,Korea,March,2020
TDY,122.46,119.72,2.74,0.00,Korea,March,2020
PCS,"2,157.18","2,108.92",48.26,0.00,Korea,March,2020
IT Expense & Maint,"7,704.63","7,535.50",169.13,0.00,Korea,March,2020
Machine Expense &   Maint,"16,254.26","16,001.21",253.05,0.00,Korea,March,2020
Vehicle Expense,329.32,325.10,4.22,0.00,Korea,March,2020
Training,516.55,504.99,11.56,0.00,Korea,March,2020
(Gain)/Loss on Disposals,0.00,0.00,0.00,0.00,Korea,March,2020
Audit-Independent,"2,157.24","2,108.98",48.26,0.00,Korea,March,2020
Audit-IMCOM Int Review,0.00,0.00,0.00,0.00,Korea,March,2020
Other Expenses,"6,561.71","6,450.26",111.45,0.00,Korea,March,2020
Total Operating Expenses,"3,03,996.87","2,98,416.65","5,580.22",0.00,Korea,March,2020
Net Operating Income/(Loss),"10,07,317.82","10,00,780.43","6,537.39",0.00,Korea,March,2020
Interest Revenue,"7,887.17","7,768.92",118.25,0.00,Korea,March,2020
Net Income/(Loss),"10,15,204.99","10,08,549.35","6,655.64",0.00,Korea,March,2020
Distributions,"9,19,620.39","9,13,954.34","5,666.05",0.00,Korea,March,2020
After Distributions,"95,584.60","94,595.01",989.59,0.00,Korea,March,2020
Gaming Machine Revenue,"23,51,436.37","23,32,098.62","19,337.75",0.00,Korea,March,2021
Total Revenue,"23,51,436.37","23,32,098.62","19,337.75",0.00,Korea,March,2021
Gaming NAFI,"4,61,977.95","4,48,441.50","13,536.45",0.00,Korea,March,2021
Total Direct Reimbursement,"4,61,977.95","4,48,441.50","13,536.45",0.00,Korea,March,2021
Net Revenue,"18,89,458.42","18,83,657.12","5,801.30",0.00,Korea,March,2021
Compensation & Benefits,"1,78,889.04","1,74,504.64","4,384.40",0.00,Korea,March,2021
Depreciation Expense,"88,939.83","87,939.63","1,000.20",0.00,Korea,March,2021
Contractor Fees,0.00,0.00,0.00,0.00,Korea,March,2021
Communications,"4,647.16","4,609.03",38.13,0.00,Korea,March,2021
TDY,284.69,278.25,6.44,0.00,Korea,March,2021
PCS,"-1,570.07","-1,534.55",-35.52,0.00,Korea,March,2021
IT Expense & Maint,"5,336.44","5,200.87",135.57,0.00,Korea,March,2021
Machine Expense &   Maint,"8,945.62","8,232.08",713.54,0.00,Korea,March,2021
Vehicle Expense,542.91,528.41,14.50,0.00,Korea,March,2021
Training,105.89,103.49,2.40,0.00,Korea,March,2021
(Gain)/Loss on Disposals,0.00,0.00,0.00,0.00,Korea,March,2021
Audit-Independent,"2,129.71","2,081.53",48.18,0.00,Korea,March,2021
Audit-IMCOM Int Review,558.79,546.15,12.64,0.00,Korea,March,2021
Other Expenses,"6,793.63","6,672.93",120.70,0.00,Korea,March,2021
Total Operating Expenses,"2,95,603.64","2,89,162.46","6,441.18",0.00,Korea,March,2021
Net Operating Income/(Loss),"15,93,854.78","15,94,494.66",-639.88,0.00,Korea,March,2021
Interest Revenue,"8,830.72","8,679.75",150.97,0.00,Korea,March,2021
Non-Operating Inc/(Exp),-44.28,-43.28,-1.00,0.00,Korea,March,2021
Net Income/(Loss),"16,02,641.22","16,03,131.13",-489.91,0.00,Korea,March,2021
Distributions,"15,13,701.39","15,15,191.50","-1,490.11",0.00,Korea,March,2021
Net Income/(Loss) After Distributions,"88,939.83","87,939.63","1,000.20",0.00,Korea,March,2021
Gaming Machine Revenue,"23,33,381.65","23,03,889.65","29,492.00",0.00,Korea,March,2022
Total Revenue,"23,33,381.65","23,03,889.65","29,492.00",0.00,Korea,March,2022
Gaming NAFI,"4,52,243.45","4,27,315.05","24,928.40",0.00,Korea,March,2022
Total Direct Reimbursement,"4,52,243.45","4,27,315.05","24,928.40",0.00,Korea,March,2022
Net Revenue,"18,81,138.20","18,76,574.60","4,563.60",0.00,Korea,March,2022
Compensation & Benefits,"1,61,494.28","1,57,766.90","3,727.38",0.00,Korea,March,2022
Depreciation Expense,"73,587.56","73,171.75",415.81,0.00,Korea,March,2022
Contractor Fees,901.73,878.50,23.23,0.00,Korea,March,2022
Communications,"22,433.83","21,943.08",490.75,0.00,Korea,March,2022
TDY,67.96,66.21,1.75,0.00,Korea,March,2022
PCS,"31,064.00","31,064.00",0.00,0.00,Korea,March,2022
IT Expense & Maint,"11,760.33","11,397.29",363.04,0.00,Korea,March,2022
Machine Expense &   Maint,843.29,791.54,51.75,0.00,Korea,March,2022
Vehicle Expense,504.50,482.72,21.78,0.00,Korea,March,2022
Training,519.87,506.48,13.39,0.00,Korea,March,2022
(Gain)/Loss on Disposals,0.00,0.00,0.00,0.00,Korea,March,2022
Audit-Independent,"2,095.61","2,041.62",53.99,0.00,Korea,March,2022
Audit-IMCOM Int Review,82.06,79.95,2.11,0.00,Korea,March,2022
Other Expenses,"5,740.35","5,654.72",85.63,0.00,Korea,March,2022
Total Operating Expenses,"3,11,095.37","3,05,844.76","5,250.61",0.00,Korea,March,2022
Net Operating Income/(Loss),"15,70,042.83","15,70,729.84",-687.01,0.00,Korea,March,2022
Interest Revenue,"6,795.27","6,627.36",167.91,0.00,Korea,March,2022
Non-Operating Inc/(Exp),-0.29,-0.28,-0.01,0.00,Korea,March,2022
Net Income/(Loss),"15,76,837.81","15,77,356.92",-519.11,0.00,Korea,March,2022
Distributions,"15,76,837.81","15,77,356.92",-519.11,0.00,Korea,March,2022
After Distributions,0.00,0.00,0.00,0.00,Korea,March,2022
Gaming Machine Revenue,"18,89,703.00","18,71,532.95","18,170.05",0.00,Korea,March,2024
Total Revenue,"18,89,703.00","18,71,532.95","18,170.05",0.00,Korea,March,2024
Gaming NAFI,"4,28,860.65","4,07,064.85","21,795.80",0.00,Korea,March,2024
Total Direct Reimbursement,"4,28,860.65","4,07,064.85","21,795.80",0.00,Korea,March,2024
Net Revenue,"14,60,842.35","14,64,468.10","-3,625.75",0.00,Korea,March,2024
Compensation & Benefits,"1,81,531.57","1,78,382.75","3,148.82",0.00,Korea,March,2024
Depreciation Expense,"1,07,097.56","1,06,101.12",996.44,0.00,Korea,March,2024
Contractor Fees,-401.35,-388.72,-12.63,0.00,Korea,March,2024
Communications,"4,779.37","4,764.28",15.09,0.00,Korea,March,2024
TDY,"3,026.53","2,931.26",95.27,0.00,Korea,March,2024
PCS,"3,790.75","3,758.65",32.10,0.00,Korea,March,2024
IT Expense & Maint,"5,895.56","5,687.42",208.14,0.00,Korea,March,2024
Machine Expense & Maint,"13,510.55","13,460.04",50.51,0.00,Korea,March,2024
Vehicle Expense,"1,120.10","1,115.91",4.19,0.00,Korea,March,2024
Training,0.00,0.00,0.00,0.00,Korea,March,2024
(Gain)/Loss on Disposals,0.00,0.00,0.00,0.00,Korea,March,2024
Audit-Independent,"2,200.25","2,131.00",69.25,0.00,Korea,March,2024
Audit-IMCOM Int Review,0.00,0.00,0.00,0.00,Korea,March,2024
Other Expenses,"6,008.05","5,951.64",56.41,0.00,Korea,March,2024
Total Operating Expenses,"3,28,558.94","3,23,895.35","4,663.59",0.00,Korea,March,2024
Net Operating Income/(Loss),"11,32,283.41","11,40,572.75","-8,289.34",0.00,Korea,March,2024
Interest Revenue,"18,871.11","18,537.90",333.21,0.00,Korea,March,2024
Non-Operating Inc/(Exp),"-2,258.28","-2,187.20",-71.08,0.00,Korea,March,2024
Net Income/(Loss),"11,48,896.24","11,56,923.45","-8,027.21",0.00,Korea,March,2024
Distributions,"11,48,896.24","11,56,923.45","-8,027.21",0.00,Korea,March,2024
After Distributions,0.00,0.00,0.00,0.00,Korea,March,2024
Gaming Machine Revenue,"8,91,173.45","8,64,121.10","27,052.35",0.00,Korea,April,2020
Total Revenue,"8,91,173.45","8,64,121.10","27,052.35",0.00,Korea,April,2020
Gaming NAFI,"2,13,685.40","1,94,748.75","18,936.65",0.00,Korea,April,2020
Total Direct Reimbursement,"2,13,685.40","1,94,748.75","18,936.65",0.00,Korea,April,2020
Net Revenue                      ,"6,77,488.05","6,69,372.35","8,115.70",0.00,Korea,April,2020
Compensation & Benefits,"1,56,408.21","1,52,701.22","3,706.99",0.00,Korea,April,2020
Depreciation Expense,"92,128.93","91,137.75",991.18,0.00,Korea,April,2020
Contractor Fees,490.97,479.47,11.50,0.00,Korea,April,2020
Communications,"4,513.74","4,471.68",42.06,0.00,Korea,April,2020
TDY,0.00,0.00,0.00,0.00,Korea,April,2020
PCS,676.82,660.97,15.85,0.00,Korea,April,2020
IT Expense & Maint,"5,446.51","5,326.64",119.87,0.00,Korea,April,2020
Machine Expense &   Maint,690.47,657.35,33.12,0.00,Korea,April,2020
Vehicle Expense,224.07,219.72,4.35,0.00,Korea,April,2020
Training,0.00,0.00,0.00,0.00,Korea,April,2020
(Gain)/Loss on Disposals,0.00,0.00,0.00,0.00,Korea,April,2020
Audit-Independent,"2,107.40","2,058.05",49.35,0.00,Korea,April,2020
Audit-IMCOM Int Review,306.99,299.80,7.19,0.00,Korea,April,2020
Other Expenses,"6,322.08","6,208.78",113.30,0.00,Korea,April,2020
Total Operating Expenses,"2,69,316.19","2,64,221.43","5,094.76",0.00,Korea,April,2020
Net Operating Income/(Loss),"4,08,171.86","4,05,150.92","3,020.94",0.00,Korea,April,2020
Interest Revenue,"4,587.20","4,499.76",87.44,0.00,Korea,April,2020
Net Income/(Loss),"4,12,759.06","4,09,650.68","3,108.38",0.00,Korea,April,2020
After Distributions,"4,12,759.06","4,09,650.68","3,108.38",0.00,Korea,April,2020
Gaming Machine Revenue,"22,42,713.98","22,34,312.58","8,401.40",0.00,Korea,April,2021
Total Revenue,"22,42,713.98","22,34,312.58","8,401.40",0.00,Korea,April,2021
Gaming NAFI,"4,66,740.10","4,52,006.55","14,733.55",0.00,Korea,April,2021
Total Direct Reimbursement,"4,66,740.10","4,52,006.55","14,733.55",0.00,Korea,April,2021
Net Revenue,"17,75,973.88","17,82,306.03","-6,332.15",0.00,Korea,April,2021
Compensation & Benefits,"1,73,659.70","1,69,495.51","4,164.19",0.00,Korea,April,2021
Depreciation Expense,"88,995.37","87,994.03","1,001.34",0.00,Korea,April,2021
Contractor Fees,0.00,0.00,0.00,0.00,Korea,April,2021
Communications,"5,139.94","5,087.58",52.36,0.00,Korea,April,2021
TDY,"1,123.23","1,097.87",25.36,0.00,Korea,April,2021
PCS,786.49,768.74,17.75,0.00,Korea,April,2021
IT Expense & Maint,"5,500.32","5,357.08",143.24,0.00,Korea,April,2021
Machine Expense &   Maint,"2,797.76","2,609.54",188.22,0.00,Korea,April,2021
Vehicle Expense,328.54,316.55,11.99,0.00,Korea,April,2021
Training,0.00,0.00,0.00,0.00,Korea,April,2021
(Gain)/Loss on Disposals,0.00,0.00,0.00,0.00,Korea,April,2021
Audit-Independent,"2,178.77","2,129.59",49.18,0.00,Korea,April,2021
Audit-IMCOM Int Review,838.12,819.20,18.92,0.00,Korea,April,2021
Other Expenses,"6,777.10","6,657.99",119.11,0.00,Korea,April,2021
Total Operating Expenses,"2,88,125.34","2,82,333.68","5,791.66",0.00,Korea,April,2021
Net Operating Income/(Loss),"14,87,848.54","14,99,972.35","-12,123.81",0.00,Korea,April,2021
Interest Revenue,"9,990.09","9,835.15",154.94,0.00,Korea,April,2021
Non-Operating Inc/(Exp),-19.14,-18.71,-0.43,0.00,Korea,April,2021
Net Income/(Loss),"14,97,819.49","15,09,788.79","-11,969.30",0.00,Korea,April,2021
Distributions,"14,08,824.12","14,21,794.76","-12,970.64",0.00,Korea,April,2021
After Distributions,"88,995.37","87,994.03","1,001.34",0.00,Korea,April,2021
Gaming Machine Revenue,"17,89,029.15","17,51,161.10","37,868.05",0.00,Korea,April,2022
Total Revenue,"17,89,029.15","17,51,161.10","37,868.05",0.00,Korea,April,2022
Gaming NAFI,"3,68,139.45","3,43,843.45","24,296.00",0.00,Korea,April,2022
Total Direct Reimbursement,"3,68,139.45","3,43,843.45","24,296.00",0.00,Korea,April,2022
Net Revenue,"14,20,889.70","14,07,317.65","13,572.05",0.00,Korea,April,2022
Compensation & Benefits,"1,55,126.25","1,51,675.97","3,450.28",0.00,Korea,April,2022
Depreciation Expense,"69,755.94","69,340.32",415.62,0.00,Korea,April,2022
Contractor Fees,118.41,115.29,3.12,0.00,Korea,April,2022
Communications,"10,410.59","10,126 .20",284.39,0.00,Korea,April,2022
TDY,98.86,96.25,2.61,0.00,Korea,April,2022
PCS,-903.86,-894.94,-8.92,0.00,Korea,April,2022
IT Expense & Maint,"6,269.15","6,045.75",223.40,0.00,Korea,April,2022
Machine Expense &   Maint,"4,43,098.91","4,42,903.27",195.64,0.00,Korea,April,2022
Vehicle Expense,149.65,136.61,13.04,0.00,Korea,April,2022
Training,0.00,0.00,0.00,0.00,Korea,April,2022
(Gain)/Loss on Disposals,0.00,0.00,0.00,0.00,Korea,April,2022
Audit-Independent,"2,032.53","1,978.91",53.62,0.00,Korea,April,2022
Audit-IMCOM Int Review,276.60,269.30,7.30,0.00,Korea,April,2022
Other Expenses,"6,942.08","6,802.26",139.82,0.00,Korea,April,2022
Total Operating Expenses,"6,93,375.11","6,88,595.19","4,779.92",0.00,Korea,April,2022
Net Operating Income/(Loss),"7,27,514.59","7,18,722.46","8,792.13",0.00,Korea,April,2022
Interest Revenue,"7,003.74","6,862.81",140.93,0.00,Korea,April,2022
Non-Operating Inc/(Exp),-1.50,-1.46,-0.04,0.00,Korea,April,2022
Net Income/(Loss),"7,34,516.83","7,25,583.81","8,933.02",0.00,Korea,April,2022
Distributions,"7,34,516.83","7,25,583.81","8,933.02",0.00,Korea,April,2022
After Distributions,0.00,0.00,0.00,0.00,Korea,April,2022
Gaming Machine Revenue,"18,22,816.40","17,96,794.45","26,021.95",0.00,Korea,April,2023
Total Revenue,"18,22,816.40","17,96,794.45","26,021.95",0.00,Korea,April,2023
Gaming NAFI,"4,10,069.20","3,91,853.85","18,215.35",0.00,Korea,April,2023
Total Direct Reimbursement,"4,10,069.20","3,91,853.85","18,215.35",0.00,Korea,April,2023
Net Revenue,"14,12,747.20","14,04,940.60","7,806.60",0.00,Korea,April,2023
Compensation & Benefits,"1,44,104.00","1,41,878.61","2,225.39",0.00,Korea,April,2023
Depreciation Expense,"76,814.78","75,962.23",852.55,0.00,Korea,April,2023
Contractor Fees,"1,119.44","1,088.89",30.55,0.00,Korea,April,2023
Communications,"5,444.83","5,430.65",14.18,0.00,Korea,April,2023
TDY,"2,850.41","2,772.59",77.82,0.00,Korea,April,2023
PCS,"1,060.59","1,059.50",1.09,0.00,Korea,April,2023
IT Expense & Maint,"5,318.02","5,163.57",154.45,0.00,Korea,April,2023
Machine Expense & Maint,"2,887.63","2,816.78",70.85,0.00,Korea,April,2023
Vehicle Expense,619.70,617.09,2.61,0.00,Korea,April,2023
Training,71.87,69.91,1.96,0.00,Korea,April,2023
(Gain)/Loss on Disposals,"19,396.82","19,396.82",0.00,0.00,Korea,April,2023
Audit-Independent,"2,127.37","2,069.31",58.06,0.00,Korea,April,2023
Audit-IMCOM Int Review,0.00,0.00,0.00,0.00,Korea,April,2023
Other Expenses,"6,321.15","6,227.88",93.27,0.00,Korea,April,2023
Total Operating Expenses,"2,68,136.61","2,64,553.83","3,582.78",0.00,Korea,April,2023
Net Operating Income/(Loss),"11,44,610.59","11,40,386.77","4,223.82",0.00,Korea,April,2023
Interest Revenue,"24,256.52","23,802.32",454.20,0.00,Korea,April,2023
Non-Operating Inc/(Exp),-31.10,-30.25,-0.85,0.00,Korea,April,2023
Net Income/(Loss),"11,68,836.01","11,64,158.84","4,677.17",0.00,Korea,April,2023
Distributions,"11,68,836.01","11,64,158.84","4,677.17",0.00,Korea,April,2023
After Distributions,0.00,0.00,0.00,0.00,Korea,April,2023
Gaming Machine Revenue,"18,53,907.80","17,89,961.55","63,946.25",0.00,Korea,May,2021
Total Revenue,"18,53,907.80","17,89,961.55","63,946.25",0.00,Korea,May,2021
Gaming NAFI,"4,20,457.05","3,82,327.10","38,129.95",0.00,Korea,May,2021
Total Direct Reimbursement,"4,20,457.05","3,82,327.10","38,129.95",0.00,Korea,May,2021
Net Revenue,"14,33,450.75","14,07,634.45","25,816.30",0.00,Korea,May,2021
Compensation & Benefits,"1,67,907.89","1,63,851.97","4,055.92",0.00,Korea,May,2021
Depreciation Expense,"89,852.67","89,023.47",829.20,0.00,Korea,May,2021
Contractor Fees,0.00,0.00,0.00,0.00,Korea,May,2021
Communications,"5,924.69","5,875.25",49.44,0.00,Korea,May,2021
TDY,72.06,70.43,1.63,0.00,Korea,May,2021
PCS,786.49,768.74,17.75,0.00,Korea,May,2021
IT Expense & Maint,"9,203.87","8,982.60",221.27,0.00,Korea,May,2021
Machine Expense &   Maint,"7,191.87","7,096.74",95.13,0.00,Korea,May,2021
Vehicle Expense,395.71,384.19,11.52,0.00,Korea,May,2021
Training,63.56,62.13,1.43,0.00,Korea,May,2021
(Gain)/Loss on Disposals,0.00,0.00,0.00,0.00,Korea,May,2021
Audit-Independent,"2,178.77","2,129.59",49.18,0.00,Korea,May,2021
Audit-IMCOM Int Review,909.35,888.82,20.53,0.00,Korea,May,2021
Other Expenses,"6,537.79","6,407.06",130.73,0.00,Korea,May,2021
Total Operating Expenses,"2,91,024.72","2,85,540.99","5,483.73",0.00,Korea,May,2021
Net Operating Income/(Loss),"11,42,426.03","11,22,093.46","20,332.57",0.00,Korea,May,2021
Interest Revenue,"10,571.04","10,407.09",163.95,0.00,Korea,May,2021
Non-Operating Inc/(Exp),-34.84,-34.05,-0.79,0.00,Korea,May,2021
Net Income/(Loss),"11,52,962.23","11,32,466.50","20,495.73",0.00,Korea,May,2021
Distributions,"10,63,109.56","10,43,443.03","19,666.53",0.00,Korea,May,2021
After Distributions,"89,852.67","89,023.47",829.20,0.00,Korea,May,2021
Gaming Machine Revenue,"21,81,345.75","21,59,664.20","21,681.55",0.00,Korea,May,2022
Total Revenue,"21,81,345.75","21,59,664.20","21,681.55",0.00,Korea,May,2022
Direct NAFI Reimbursement Gaming NAFI,"4,41,483.75","4,28,379.00","13,104.75",0.00,Korea,May,2022
Total Direct Reimbursement,"4,41,483.75","4,28,379.00","13,104.75",0.00,Korea,May,2022
Net Revenue,"17,39,862.00","17,31,285.20","8,576.80",0.00,Korea,May,2022
Operating Expenses Compensation & Benefits,"1,64,499.80","1,60,792.13","3,707.67",0.00,Korea,May,2022
Depreciation Expense,"69,755.94","69,340.32",415.62,0.00,Korea,May,2022
Contractor Fees,"2,242.75","2,183.58",59.17,0.00,Korea,May,2022
Communications,"4,856.25","4,815.06",41.19,0.00,Korea,May,2022
TDY,728.89,709.67,19.22,0.00,Korea,May,2022
PCS,551.45,563.83,-12.38,0.00,Korea,May,2022
IT Expense & Maint,"7,960.38","7,692.36",268.02,0.00,Korea,May,2022
Machine Expense & Maint,"2,567.06","2,513.89",53.17,0.00,Korea,May,2022
Vehicle Expense,"1,667.94","1,619.33",48.61,0.00,Korea,May,2022
Training,0.00,0.00,0.00,0.00,Korea,May,2022
(Gain)/Loss on Disposals,0.00,0.00,0.00,0.00,Korea,May,2022
Audit-Independent,"2,032.53","1,978.91",53.62,0.00,Korea,May,2022
Audit-IMCOM Int Review,0.00,0.00,0.00,0.00,Korea,May,2022
Other Expenses,"6,036.52","5,915.09",121.43,0.00,Korea,May,2022
Total Operating Expenses,"2,62,899.51","2,58,124.17","4,775.34",0.00,Korea,May,2022
Net Operating Income/(Loss),"14,76,962.49","14,73,161.03","3,801.46",0.00,Korea,May,2022
Interest Revenue,"7,193.20","7,048.46",144.74,0.00,Korea,May,2022
Net Income/(Loss),"14,84,155.69","14,80,209.49","3,946.20",0.00,Korea,May,2022
Distributions,"14,84,155.69","14,80,209.49","3,946.20",0.00,Korea,May,2022
Net Income/(Loss) After Distributions,0.00,0.00,0.00,0.00,Korea,May,2022
Gaming Machine Revenue,"21,13,465.40","20,97,663.20","15,802.20",0.00,Korea,May,2023
Total Revenue,"21,13,465.40","20,97,663.20","15,802.20",0.00,Korea,May,2023
Direct NAFI Reimbursement Gaming NAFI,"4,45,022.60","4,33,961.05","11,061.55",0.00,Korea,May,2023
Total Direct Reimbursement,"4,45,022.60","4,33,961.05","11,061.55",0.00,Korea,May,2023
Net Revenue,"16,68,442.80","16,63,702.15","4,740.65",0.00,Korea,May,2023
Operating Expenses Compensation & Benefits,"1,57,101.48","1,54,668.89","2,432.59",0.00,Korea,May,2023
Depreciation Expense,"76,500.87","75,178.23","1,322.64",0.00,Korea,May,2023
Contractor Fees,"1,744.05","1,696.45",47.60,0.00,Korea,May,2023
Communications,"5,613.52","5,595.67",17.85,0.00,Korea,May,2023
TDY,233.42,227.05,6.37,0.00,Korea,May,2023
PCS,"1,353.19","1,344.12",9.07,0.00,Korea,May,2023
IT Expense & Maint,"5,700.18","5,535.14",165.04,0.00,Korea,May,2023
Machine Expense & Maint,"1,341.07","1,318.32",22.75,0.00,Korea,May,2023
Vehicle Expense,784.17,783.36,0.81,0.00,Korea,May,2023
Training,"4,006.98","3,963.93",43.05,0.00,Korea,May,2023
(Gain)/Loss on Disposals,"8,182.43","8,182.43",0.00,0.00,Korea,May,2023
Audit-Independent,"2,127.37","2,069.31",58.06,0.00,Korea,May,2023
Audit-IMCOM Int Review,155.84,151.59,4.25,0.00,Korea,May,2023
Other Expenses,"6,159.34","6,064.79",94.55,0.00,Korea,May,2023
Total Operating Expenses,"2,71,003.91","2,66,779.28","4,224.63",0.00,Korea,May,2023
Net Operating Income/(Loss),"13,97,438.89","13,96,922.87",516.02,0.00,Korea,May,2023
Interest Revenue,"23,781.85","23,350.87",430.98,0.00,Korea,May,2023
Non-Operating Inc/(Exp),-120.53,-117.24,-3.29,0.00,Korea,May,2023
Net Income/(Loss),"14,21,100.21","14,20,156.50",943.71,0.00,Korea,May,2023
Distributions,"14,21,100.21","14,20,156.50",943.71,0.00,Korea,May,2023
Net Income/(Loss) After Distributions,0.00,0.00,0.00,0.00,Korea,May,2023
Gaming  Machine  Revenue,"19,48,530.85","19,40,244.65","8,286.20",0.00,Korea,June,2020
Total   Revenue,"19,48,530.85","19,40,244.65","8,286.20",0.00,Korea,June,2020
Gaming  NAFI,"4,17,483.90","4,11,683.55","5,800.35",0.00,Korea,June,2020
Total   Direct   Reimbursement,"4,17,483.90","4,11,683.55","5,800.35",0.00,Korea,June,2020
Net  Revenue,"15,31,046.95","15,28,561.10","2,485.85",0.00,Korea,June,2020
Canpensation  &   Benefits,"1,61,462.58","1,57,419.81","4,042.77",0.00,Korea,June,2020
"Depreciation  Exp,nse","93,255.30","92,262.76",992. 54,0.00,Korea,June,2020
Contractor   Fees,"1,468. 74-","-1,434.35",-34.39,0.00,Korea,June,2020
Cmmunications,"4,736.73","4,675.95",60. 78,0.00,Korea,June,2020
TDY,52. 78,51.89,0.89,0.00,Korea,June,2020
PCS,736.93,719.67,17.26,0.00,Korea,June,2020
"IT  Exp,nse  &  Maint","44,552.80","43,516.75","1,036.05",0.00,Korea,June,2020
"Machine   Exp,nse  &  Maint","49,382.98","48,208.86","1,174.12",0.00,Korea,June,2020
"Vehicle   Exp,nse","1,450.87","1,437.26",13.61,0.00,Korea,June,2020
Training,0.00,0.00,0.00,0.00,Korea,June,2020
(Gain) /lDss  on  Disposals,0.00,0.00,0.00,0.00,Korea,June,2020
"Audit-Indep,ndent","2,107.40","2,058.05",49.35,0.00,Korea,June,2020
Audit- IMCCM  Int   Review,303.66,296.55,7 .11,0.00,Korea,June,2020
"Other  Exp,nses","6,599.55","6,475.02",124. 53,0.00,Korea,June,2020
"Total   Operating  Exp,nses","3,63,172.84","3,55,688.22","7,484.62",0.00,Korea,June,2020
Net  Operating   Incane/ IlDss I,"11,67,874.11","11,72,872.88","4,998. 77-",0.00,Korea,June,2020
Interest  Revenue,"4,622.31","4,534.20",88.11,0.00,Korea,June,2020
Non-cperating   Inc/ (Exp),-2.99,-2.92,-0.07,0.00,Korea,June,2020
Net  Incane/ (lDss I,"11,72,493.43","11,77,404.16","4,910. 73-",0.00,Korea,June,2020
After  Distributions,"11,72,493.43","11,77,404.16","4,910. 73-",0.00,Korea,June,2020
Gaming Machine Revenue,"21,23,313.70","20,81,719.50","41,594.20",0.00,Korea,June,2021
Total Revenue,"21,23,313.70","20,81,719.50","41,594.20",0.00,Korea,June,2021
Gaming NAFI,"4,15,026.75","3,88,130.95","26,895.80",0.00,Korea,June,2021
Total Direct Reimbursement,"4,15,026.75","3,88,130.95","26,895.80",0.00,Korea,June,2021
Net Revenue,"17,08,286.95","16,93,588.55","14,698.40",0.00,Korea,June,2021
Compensation & Benefits,"1,73,462.60","1,69,308.62","4,153.98",0.00,Korea,June,2021
Depreciation Expense,"89,171.58","87,955.40","1,216.18",0.00,Korea,June,2021
Contractor Fees,272.02,265.88,6.14,0.00,Korea,June,2021
Communications,"5,296.33","5,188.01",108.32,0.00,Korea,June,2021
TDY,55.99,54.72,1.27,0.00,Korea,June,2021
PCS,786.49,768.74,17.75,0.00,Korea,June,2021
IT Expense & Maint,"5,209.87","5,078.76",131.11,0.00,Korea,June,2021
Machine Expense &   Maint,"11,284.08","10,472.34",811.74,0.00,Korea,June,2021
Vehicle Expense,695.09,682.26,12.83,0.00,Korea,June,2021
Training,0.00,0.00,0.00,0.00,Korea,June,2021
(Gain)/Loss on Disposals,0.00,0.00,0.00,0.00,Korea,June,2021
Audit-Independent,"2,178.77","2,129.59",49.18,0.00,Korea,June,2021
Audit-IMCOM Int Review,0.00,0.00,0.00,0.00,Korea,June,2021
Other Expenses,"7,002.43","6,854.31",148.12,0.00,Korea,June,2021
Total Operating Expenses,"2,95,415.25","2,88,758.63","6,656.62",0.00,Korea,June,2021
Net Operating Income/(Loss),"14,12,871.70","14,04,829.92","8,041.78",0.00,Korea,June,2021
Interest Revenue,"10,495.56","10,332.78",162.78,0.00,Korea,June,2021
Non-Operating Inc/(Exp),-1.26,-1.23,-0.03,0.00,Korea,June,2021
Net Income/(Loss),"14,23,366.00","14,15,161.47","8,204.53",0.00,Korea,June,2021
Distributions,"13,34,194.42","13,27,206.07","6,988.35",0.00,Korea,June,2021
After Distributions,"89,171.58","87,955.40","1,216.18",0.00,Korea,June,2021
Gaming Machine Revenue,"18,70,897.35","18,58,689.85","12,207.50",0.00,Korea,June,2022
Total Revenue,"18,70,897.35","18,58,689.85","12,207.50",0.00,Korea,June,2022
Direct NAFI Reimbursement Gaming NAFI,"3,72,324.73","3,63,779.48","8,545.25",0.00,Korea,June,2022
Total Direct Reimbursement,"3,72,324.73","3,63,779.48","8,545.25",0.00,Korea,June,2022
Net Revenue,"14,98,572.62","14,94,910.37","3,662.25",0.00,Korea,June,2022
Operating Expenses Compensation & Benefits,"1,71,240.25","1,68,866.85","2,373.40",0.00,Korea,June,2022
Depreciation Expense,"69,127.97","68,728.92",399.05,0.00,Korea,June,2022
Contractor Fees,164.35,160.01,4.34,0.00,Korea,June,2022
Communications,"6,380.20","6,341.02",39.18,0.00,Korea,June,2022
TDY,"5,409.92","5,330.11",79.81,0.00,Korea,June,2022
PCS,"-3,745.58","-3,734.82",-10.76,0.00,Korea,June,2022
IT Expense & Maint,"77,975.68","75,863.20","2,112.48",0.00,Korea,June,2022
Machine Expense & Maint,"73,056.22","73,055.62",0.60,0.00,Korea,June,2022
Vehicle Expense,"1,026.10","1,011.21",14.89,0.00,Korea,June,2022
Training,"4,513.92","4,512.18",1.74,0.00,Korea,June,2022
(Gain)/Loss on Disposals,0.00,0.00,0.00,0.00,Korea,June,2022
Audit-Independent,"-2,361.56","-2,299.26",-62.30,0.00,Korea,June,2022
Audit-IMCOM Int Review,"1,474.27","1,435.38",38.89,0.00,Korea,June,2022
Other Expenses,"6,922.95","6,868.19",54.76,0.00,Korea,June,2022
Total Operating Expenses,"4,11,184.69","4,06,138.61","5,046.08",0.00,Korea,June,2022
Net Operating Income/(Loss),"10,87,387.93","10,88,771.76","-1,383.83",0.00,Korea,June,2022
Interest Revenue,"8,727.80","8,545.18",182.62,0.00,Korea,June,2022
Non-Operating Inc/(Exp),-22.49,-21.90,-0.59,0.00,Korea,June,2022
Net Income/(Loss),"10,96,093.24","10,97,295.04","-1,201.80",0.00,Korea,June,2022
Distributions,"10,96,093.24","10,97,295.04","-1,201.80",0.00,Korea,June,2022
Net Income/(Loss) After Distributions,0.00,0.00,0.00,0.00,Korea,June,2022
Gaming Machine Revenue,"19,91,658.05","19,57,234.35","34,423.70",0.00,Korea,June,2023
Total Revenue,"19,91,658.05","19,57,234.35","34,423.70",0.00,Korea,June,2023
Direct NAFI Reimbursement Gaming NAFI,"3,73,995.55","3,49,898.95","24,096.60",0.00,Korea,June,2023
Total Direct Reimbursement,"3,73,995.55","3,49,898.95","24,096.60",0.00,Korea,June,2023
Net Revenue,"16,17,662.50","16,07,335.40","10,327.10",0.00,Korea,June,2023
Operating Expenses Compensation & Benefits,"1,57,106.95","1,53,743.04","3,363.91",0.00,Korea,June,2023
Depreciation Expense,"81,166.53","79,843.89","1,322.64",0.00,Korea,June,2023
Contractor Fees,"1,641.30","1,596.50",44.80,0.00,Korea,June,2023
Communications,"6,474.81","6,461.18",13.63,0.00,Korea,June,2023
TDY,"1,520.71","1,307.52",213.19,0.00,Korea,June,2023
PCS,"1,389.46","1,379.40",10.06,0.00,Korea,June,2023
IT Expense & Maint,"2,223.34","2,068.45",154.89,0.00,Korea,June,2023
Machine Expense & Maint,"5,969.36","5,956.25",13.11,0.00,Korea,June,2023
Vehicle Expense,656.36,653.80,2.56,0.00,Korea,June,2023
Training,"2,786.09","2,781.41",4.68,0.00,Korea,June,2023
(Gain)/Loss on Disposals,0.00,0.00,0.00,0.00,Korea,June,2023
Audit-Independent,-845.46,-822.38,-23.08,0.00,Korea,June,2023
Audit-IMCOM Int Review,"1,099.14","1,069.14",30.00,0.00,Korea,June,2023
Other Expenses,"7,730.29","7,666.95",63.34,0.00,Korea,June,2023
Total Operating Expenses,"2,68,918.88","2,63,705.15","5,213.73",0.00,Korea,June,2023
Net Operating Income/(Loss),"13,48,743.62","13,43,630.25","5,113.37",0.00,Korea,June,2023
Interest Revenue,"24,598.66","24,145.39",453.27,0.00,Korea,June,2023
Non-Operating Inc/(Exp),-4.46,-4.34,-0.12,0.00,Korea,June,2023
Net Income/(Loss),"13,73,337.82","13,67,771.30","5,566.52",0.00,Korea,June,2023
Distributions,"13,73,337.82","13,67,771.30","5,566.52",0.00,Korea,June,2023
Net Income/(Loss) After Distributions,0.00,0.00,0.00,0.00,Korea,June,2023
Gaming Machine Revenue,"19,64,291.55","19,43,378.40","20,913.15",0.00,Korea,July,2020
Total Revenue,"19,64,291.55","19,43,378.40","20,913.15",0.00,Korea,July,2020
Direct NAFI Reimbursement Gaming NAFI,"3,92,397.25","3,76,556.85","15,840.40",0.00,Korea,July,2020
Total Direct Reimbursement,"3,92,397.25","3,76,556.85","15,840.40",0.00,Korea,July,2020
Net Revenue,"15,71,894.30","15,66,821.55","5,072.75",0.00,Korea,July,2020
Operating Expenses Compensation & Benefits,"1,63,856.24","1,59,787.70","4,068.54",0.00,Korea,July,2020
Depreciation Expense,"93,425.41","92,432.65",992.76,0.00,Korea,July,2020
Contractor Fees,-153.12,-149.62,-3.50,0.00,Korea,July,2020
Communications,"4,806.23","4,767.24",38.99,0.00,Korea,July,2020
TDY,70.05,68.49,1.56,0.00,Korea,July,2020
PCS,443.47,433.35,10.12,0.00,Korea,July,2020
IT Expense & Maint,"8,097.61","7,917.87",179.74,0.00,Korea,July,2020
Machine Expense &   Maint,"14,408.39","14,340.11",68.28,0.00,Korea,July,2020
Vehicle Expense,604.37,566.61,37.76,0.00,Korea,July,2020
Training,0.00,0.00,0.00,0.00,Korea,July,2020
(Gain)/Loss on Disposals,0.00,0.00,0.00,0.00,Korea,July,2020
Audit-Independent,"2,151.74","2,102.61",49.13,0.00,Korea,July,2020
Audit-IMCOM Int Review,187.59,183.31,4.28,0.00,Korea,July,2020
Other Expenses,"7,218.03","7,108.55",109.48,0.00,Korea,July,2020
Total Operating Expenses,"2,95,116.01","2,89,558.87","5,557.14",0.00,Korea,July,2020
Net Operating Income/(Loss),"12,76,778.29","12,77,262.68",-484.39,0.00,Korea,July,2020
Interest Revenue,"16,690.72","16,490.76",199.96,0.00,Korea,July,2020
Net Income/(Loss),"12,93,469.01","12,93,753.44",-284.43,0.00,Korea,July,2020
Distributions                  ,"12,00,043.60","12,01,320.79","-1,277.19",0.00,Korea,July,2020
"Net Income/(Loss)
After Distributions             ","93,425.41","92,432.65",992.76,0.00,Korea,July,2020
Gaming Machine Revenue,"16,46,679.00","16,34,600.30","12,078.70",0.00,Korea,July,2021
Total Revenue,"16,46,679.00","16,34,600.30","12,078.70",0.00,Korea,July,2021
Gaming NAFI,"3,73,664.60","3,54,820.15","18,844.45",0.00,Korea,July,2021
Total Direct Reimbursement,"3,73,664.60","3,54,820.15","18,844.45",0.00,Korea,July,2021
Net Revenue,"12,73,014.40","12,79,780.15","-6,765.75",0.00,Korea,July,2021
Compensation & Benefits,"1,66,953.42","1,62,529.38","4,424.04",0.00,Korea,July,2021
Depreciation Expense,"89,236.60","88,012.74","1,223.86",0.00,Korea,July,2021
Contractor Fees,"2,804.01","2,733.75",70.26,0.00,Korea,July,2021
Communications,"6,961.40","6,709.10",252.30,0.00,Korea,July,2021
TDY,190.99,186.20,4.79,0.00,Korea,July,2021
PCS,382.73,373.14,9.59,0.00,Korea,July,2021
IT Expense & Maint,"7,411.26","7,220.68",190.58,0.00,Korea,July,2021
Machine Expense &   Maint,"18,388.53","17,443.11",945.42,0.00,Korea,July,2021
Vehicle Expense,262.44,238 . 72,23.72,0.00,Korea,July,2021
Training,0.00,0.00,0.00,0.00,Korea,July,2021
(Gain)/Loss on Disposals,0.00,0.00,0.00,0.00,Korea,July,2021
Audit-Independent,"-2,479.62","-2,417.49",-62.13,0.00,Korea,July,2021
Audit-IMCOM Int Review,881.25,859.17,22.08,0.00,Korea,July,2021
Other Expenses,"10,762.56","10,522.27",240.29,0.00,Korea,July,2021
Total Operating Expenses,"3,01,755.57","2,94,410.77","7,344.80",0.00,Korea,July,2021
Net Operating Income/(Loss),"9,71,258.83","9,85,369.38","-14,110.55",0.00,Korea,July,2021
Interest Revenue,"9,800.50","9,620.97",179.53,0.00,Korea,July,2021
Net Income/(Loss),"9,81,059.33","9,94,990.35","-13,931.02",0.00,Korea,July,2021
Distributions,"8,91,822.73","9,06,977.61","-15,154.88",0.00,Korea,July,2021
After Distributions,"89,236.60","88,012.74","1,223.86",0.00,Korea,July,2021
Gaming Machine Revenue,"14,42,075.50","14,32,542.70","9,532.80",0.00,Korea,July,2022
Total Revenue,"14,42,075.50","14,32,542.70","9,532.80",0.00,Korea,July,2022
Gaming NAFI,"3,31,794.25","3,21,914.60","9,879.65",0.00,Korea,July,2022
Total Direct Reimbursement,"3,31,794.25","3,21,914.60","9,879.65",0.00,Korea,July,2022
Net Revenue,"11,10,281.25","11,10,628.10",-346.85,0.00,Korea,July,2022
Compensation & Benefits,"1,52,295.11","1,48,275.10","4,020.01",0.00,Korea,July,2022
Depreciation Expense,"75,211.96","74,810.87",401.09,0.00,Korea,July,2022
Contractor Fees,547.55,533.11,14.44,0.00,Korea,July,2022
Communications,"4,923.85","4,880.59",43.26,0.00,Korea,July,2022
TDY,336.15,327.29,8.86,0.00,Korea,July,2022
PCS,"42,086.20","38,744.88","3,341.32",0.00,Korea,July,2022
IT Expense & Maint,"6,749.60","6,513.53",236.07,0.00,Korea,July,2022
Machine Expense &   Maint,"16,025.52","15,514.78",510.74,0.00,Korea,July,2022
Vehicle Expense,667.59,642.37,25.22,0.00,Korea,July,2022
Training,0.00,0.00,0.00,0.00,Korea,July,2022
(Gain)/Loss on Disposals,0.00,0.00,0.00,0.00,Korea,July,2022
Audit-Independent,"2,006.11","1,953.19",52.92,0.00,Korea,July,2022
Audit-IMCOM Int Review,211.41,205.83,5.58,0.00,Korea,July,2022
Other Expenses,"5,984.20","5,866.70",117.50,0.00,Korea,July,2022
Total Operating Expenses,"3,07,045.25","2,98,268.24","8,777.01",0.00,Korea,July,2022
Net Operating Income/(Loss),"8,03,236.00","8,12,359.86","-9,123.86",0.00,Korea,July,2022
Interest Revenue,"8,340.70","8,238.24",102.46,0.00,Korea,July,2022
Net Income/(Loss),"8,11,576.70","8,20,598.10","-9,021.40",0.00,Korea,July,2022
Distributions,"8,11,576.70","8,20,598.10","-9,021.40",0.00,Korea,July,2022
After Distributions,0.00,0.00,0.00,0.00,Korea,July,2022
Gaming Machine Revenue,"13,77,607.35","13,72,763.10","4,844.25",0.00,Korea,July,2023
Total Revenue,"13,77,607.35","13,72,763.10","4,844.25",0.00,Korea,July,2023
Direct NAFI Reimbursement Gaming NAFI,"3,27,866.30","3,13,975.80","13,890.50",0.00,Korea,July,2023
Total Direct Reimbursement,"3,27,866.30","3,13,975.80","13,890.50",0.00,Korea,July,2023
Net Revenue,"10,49,741.05","10,58,787.30","-9,046.25",0.00,Korea,July,2023
Operating Expenses Compensation & Benefits,"1,48,075.63","1,45,305.89","2,769.74",0.00,Korea,July,2023
Depreciation Expense,"84,043.79","82,705.29","1,338.50",0.00,Korea,July,2023
Contractor Fees,"1,645.66","1,593.35",52.31,0.00,Korea,July,2023
Communications,"6,072.42","6,057.30",15.12,0.00,Korea,July,2023
TDY,440.20,426.21,13.99,0.00,Korea,July,2023
PCS,"13,686.19","13,283.64",402.55,0.00,Korea,July,2023
IT Expense & Maint,"5,419.38","5,250.76",168.62,0.00,Korea,July,2023
Machine Expense & Maint,"1,962.19","1,904.43",57.76,0.00,Korea,July,2023
Vehicle Expense,304.96,303.51,1.45,0.00,Korea,July,2023
Training,0.00,0.00,0.00,0.00,Korea,July,2023
(Gain)/Loss on Disposals,0.00,0.00,0.00,0.00,Korea,July,2023
Audit-Independent,"2,157.89","2,089.30",68.59,0.00,Korea,July,2023
Audit-IMCOM Int Review,130.82,126.66,4.16,0.00,Korea,July,2023
Other Expenses,"6,186.11","6,135.60",50.51,0.00,Korea,July,2023
Total Operating Expenses,"2,70,125.24","2,65,181.94","4,943.30",0.00,Korea,July,2023
Net Operating Income/(Loss),"7,79,615.81","7,93,605.36","-13,989.55",0.00,Korea,July,2023
Interest Revenue,"23,450.88","23,154.21",296.67,0.00,Korea,July,2023
Non-Operating Inc/(Exp),-183.55,-177.72,-5.83,0.00,Korea,July,2023
Net Income/(Loss),"8,02,883.14","8,16,581.85","-13,698.71",0.00,Korea,July,2023
Distributions,"8,02,883.14","8,16,581.85","-13,698.71",0.00,Korea,July,2023
Net Income/(Loss) After Distributions,0.00,0.00,0.00,0.00,Korea,July,2023
Gaming Machine Revenue,"16,33,224.50","16,31,152.55","2,071.95",0.00,Korea,August,2020
Total Revenue,"16,33,224.50","16,31,152.55","2,071.95",0.00,Korea,August,2020
Gaming NAFI,"3,63,469.90","3,54,990.15","8,479.75",0.00,Korea,August,2020
Total Direct Reimbursement,"3,63,469.90","3,54,990.15","8,479.75",0.00,Korea,August,2020
Net Revenue,"12,69,754.60","12,76,162.40","-6,407.80",0.00,Korea,August,2020
Compensation & Benefits,"1,52,325.44","1,48,588.54","3,736.90",0.00,Korea,August,2020
Depreciation Expense,"94,914.74","93,921.72",993.02,0.00,Korea,August,2020
Contractor Fees,945.82,924.22,21.60,0.00,Korea,August,2020
Communications,"4,773.45","4,733.79",39.66,0.00,Korea,August,2020
TDY,33.68,32.91,0.77,0.00,Korea,August,2020
PCS,652.21,637.32,14.89,0.00,Korea,August,2020
IT Expense & Maint,"5,491.55","5,367.35",124.20,0.00,Korea,August,2020
Machine Expense &   Maint,"3,101.95","3,009.74",92.21,0.00,Korea,August,2020
Vehicle Expense,174.51,168.57,5.94,0.00,Korea,August,2020
Training,0.00,0.00,0.00,0.00,Korea,August,2020
(Gain)/Loss on Disposals,0.00,0.00,0.00,0.00,Korea,August,2020
Audit-Independent,"2,151.74","2,102.61",49.13,0.00,Korea,August,2020
Audit-IMCOM Int Review,0.00,0.00,0.00,0.00,Korea,August,2020
Other Expenses,"9,455.75","9,286.26",169.49,0.00,Korea,August,2020
Total Operating Expenses,"2,74,020.84","2,68,773.03","5,247.81",0.00,Korea,August,2020
Net Operating Income/(Loss),"9,95,733.76","10,07,389.37","-11,655.61",0.00,Korea,August,2020
Interest Revenue,"16,152.81","15,972.63",180.18,0.00,Korea,August,2020
Non-Operating Inc/(Exp),-29.17,-28.50,-0.67,0.00,Korea,August,2020
Net Income/(Loss),"10,11,857.40","10,23,333.50","-11,476.10",0.00,Korea,August,2020
Distributions                  ,"11,05,282.81","11,15,766.15","-10,483.34",0.00,Korea,August,2020
"Net Income/(Loss)
After Distributions","-93,425.41","-92,432.65",-992.76,0.00,Korea,August,2020
Gaming Machine Revenue,"19,97,051.70","19,54,799.60","42,252.10",0.00,Korea,August,2021
Total Revenue,"19,97,051.70","19,54,799.60","42,252.10",0.00,Korea,August,2021
Direct NAFI Reimbursement Gaming NAFI,"3,95,473.65","3,65,897.20","29,576.45",0.00,Korea,August,2021
Total Direct Reimbursement,"3,95,473.65","3,65,897.20","29,576.45",0.00,Korea,August,2021
Net Revenue,"16,01,578.05","15,88,902.40","12,675.65",0.00,Korea,August,2021
Operating Expenses Compensation & Benefits,"1,47,181.52","1,44,217.54","2,963.98",0.00,Korea,August,2021
Depreciation Expense,"89,174.99","87,951.93","1,223.06",0.00,Korea,August,2021
Contractor Fees,850.08,828.78,21.30,0.00,Korea,August,2021
Communications,"6,572.22","6,397.53",174.69,0.00,Korea,August,2021
TDY,40.37,39.36,1.01,0.00,Korea,August,2021
PCS,247.33,241.13,6.20,0.00,Korea,August,2021
IT Expense & Maint,"16,614.94","16,084.16",530.78,0.00,Korea,August,2021
Machine Expense & Maint,"5,538.71","5,149.18",389.53,0.00,Korea,August,2021
Vehicle Expense,774.07,733.16,40.91,0.00,Korea,August,2021
Training,170.72,166.44,4.28,0.00,Korea,August,2021
(Gain)/Loss on Disposals,0.00,0.00,0.00,0.00,Korea,August,2021
Audit-Independent,"2,134.12","2,080.65",53.47,0.00,Korea,August,2021
Audit-IMCOM Int Review,626.94,611.23,15.71,0.00,Korea,August,2021
Other Expenses,"6,654.99","6,511.53",143.46,0.00,Korea,August,2021
Total Operating Expenses,"2,76,581.00","2,71,012.62","5,568.38",0.00,Korea,August,2021
Net Operating Income/(Loss),"13,24,997.05","13,17,889.78","7,107.27",0.00,Korea,August,2021
Interest Revenue,"10,253.85","10,063.52",190.33,0.00,Korea,August,2021
Non-Operating Inc/(Exp),-0.96,-0.94,-0.02,0.00,Korea,August,2021
Net Income/(Loss),"13,35,249.94","13,27,952.36","7,297.58",0.00,Korea,August,2021
Distributions,"12,46,074.95","12,40,000.43","6,074.52",0.00,Korea,August,2021
Net Income/(Loss) After Distributions,"89,174.99","87,951.93","1,223.06",0.00,Korea,August,2021
Gaming Machine Revenue,"20,09,297.20","19,42,616.35","66,680.85",0.00,Korea,August,2022
Total Revenue,"20,09,297.20","19,42,616.35","66,680.85",0.00,Korea,August,2022
Direct NAFI Reimbursement Gaming NAFI,"3,96,280.40","3,52,810.50","43,469.90",0.00,Korea,August,2022
Total Direct Reimbursement,"3,96,280.40","3,52,810.50","43,469.90",0.00,Korea,August,2022
Net Revenue,"16,13,016.80","15,89,805.85","23,210.95",0.00,Korea,August,2022
Operating Expenses Compensation & Benefits,"1,62,727.51","1,57,956.91","4,770.60",0.00,Korea,August,2022
Depreciation Expense,"65,811.67","65,410.58",401.09,0.00,Korea,August,2022
Contractor Fees,455.37,443.36,12.01,0.00,Korea,August,2022
Communications,"5,708.46","5,614.48",93.98,0.00,Korea,August,2022
TDY,"2,943.97","2,880.27",63.70,0.00,Korea,August,2022
PCS,"-1,726.92","-1,636.87",-90.05,0.00,Korea,August,2022
IT Expense & Maint,"7,043.88","6,800.05",243.83,0.00,Korea,August,2022
Machine Expense & Maint,"3,396.38","3,167.11",229.27,0.00,Korea,August,2022
Vehicle Expense,"1,075.41","1,050.96",24.45,0.00,Korea,August,2022
Training,0.00,0.00,0.00,0.00,Korea,August,2022
(Gain)/Loss on Disposals,0.00,0.00,0.00,0.00,Korea,August,2022
Audit-Independent,"2,006.11","1,953.19",52.92,0.00,Korea,August,2022
Audit-IMCOM Int Review,14.82,14.43,0.39,0.00,Korea,August,2022
Other Expenses,"6,719.94","6,559.95",159.99,0.00,Korea,August,2022
Total Operating Expenses,"2,56,176.60","2,50,214.42","5,962.18",0.00,Korea,August,2022
Net Operating Income/(Loss),"13,56,840.20","13,39,591.43","17,248.77",0.00,Korea,August,2022
Interest Revenue,"12,165.18","12,015.74",149.44,0.00,Korea,August,2022
Net Income/(Loss),"13,69,005.38","13,51,607.17","17,398.21",0.00,Korea,August,2022
Distributions,"13,69,005.38","13,51,607.17","17,398.21",0.00,Korea,August,2022
Net Income/(Loss) After Distributions,0.00,0.00,0.00,0.00,Korea,August,2022
Gaming   Machine   Revenue,"22,30,919.50","22,02,205.25","28,714.25",0.00,Korea,August,2023
Total   Revenue,"22,30,919.50","22,02,205.25","28,714.25",0.00,Korea,August,2023
Gaming   NAFI,"4,14,853.75","4,01,994.90","12,858.85",0.00,Korea,August,2023
Total   Direct   Reimbursement,"4,14,853.75","4,01,994.90","12,858.85",0.00,Korea,August,2023
Net   Revenue,"18,16,065.75","18,00,210.35","15,855.40",0.00,Korea,August,2023
Operating   Expenses Compensation   &   Benefits,"1,67,657.96","1,64,565.16","3,092.80",0.00,Korea,August,2023
Depreciation   Expense,"93,659.57","92,329.71","1,329.86",0.00,Korea,August,2023
Contractor   Fees,"2,575.98","2,494.11",81.87,0.00,Korea,August,2023
Communications,"5,526.85","5,511.40",15.45,0.00,Korea,August,2023
TDY,942.38,912.42,29.96,0.00,Korea,August,2023
PCS,"9,268.64","9,006.50",262.14,0.00,Korea,August,2023
IT   Expense   &   Maint,"5,643.47","5,468.36",175.11,0.00,Korea,August,2023
Machine   Expense   &   Maint,976.62,976.39,0.23,0.00,Korea,August,2023
Vehicle   Expense,873.10,855.49,17.61,0.00,Korea,August,2023
Training,"1,815.69","1,757.98",57.71,0.00,Korea,August,2023
(Gain)/Loss   on   Disposals,0.00,0.00,0.00,0.00,Korea,August,2023
Audit-Independent,"2,157.89","2,089.30",68.59,0.00,Korea,August,2023
Audit-IMCOM   Int   Review,"1,139.64","1,103.42",36.22,0.00,Korea,August,2023
Other   Expenses,"5,300.39","5,273.35",27.04,0.00,Korea,August,2023
Total   Operating   Expenses,"2,97,538.18","2,92,343.59","5,194.59",0.00,Korea,August,2023
Net   Operating   Income/(Loss),"15,18,527.57","15,07,866.76","10,660.81",0.00,Korea,August,2023
Interest   Revenue,"24,790.93","24,472.06",318.87,0.00,Korea,August,2023
Non-Operating   Inc/(Exp),"-1,492.06","-1,444.64",-47.42,0.00,Korea,August,2023
Net   Income/(Loss),"15,41,826.44","15,30,894.18","10,932.26",0.00,Korea,August,2023
Distributions,"15,41,826.44","15,30,894.18","10,932.26",0.00,Korea,August,2023
After   Distributions,0.00,0.00,0.00,0.00,Korea,August,2023
Gaming Machine Revenue,"21,87,052.15","20,96,581.15","90,471.00",0.00,Korea,September,2020
Total Revenue,"21,87,052.15","20,96,581.15","90,471.00",0.00,Korea,September,2020
Gaming NAFI,"4,55,904.25","4,00,805.15","55,099.10",0.00,Korea,September,2020
Total Direct Reimbursement,"4,55,904.25","4,00,805.15","55,099.10",0.00,Korea,September,2020
Net Revenue,"17,31,147.90","16,95,776.00","35,371.90",0.00,Korea,September,2020
Compensation & Benefits,"1,79,074.13","1,74,729.72","4,344.41",0.00,Korea,September,2020
Depreciation Expense,"96,239.59","95,241.91",997.68,0.00,Korea,September,2020
Contractor Fees,893.97,873.56,20.41,0.00,Korea,September,2020
Communications,"5,474.79","5,432.70",42.09,0.00,Korea,September,2020
TDY,5.62,5.49,0.13,0.00,Korea,September,2020
PCS,"3,619.15","3,536.52",82.63,0.00,Korea,September,2020
IT Expense & Maint,"5,372.90","5,257.99",114.91,0.00,Korea,September,2020
Machine Expense &   Maint,"4,887.13","4,710.51",176.62,0.00,Korea,September,2020
Vehicle Expense,478.49,455.73,22.76,0.00,Korea,September,2020
Training,0.00,0.00,0.00,0.00,Korea,September,2020
(Gain)/Loss on Disposals,0.00,0.00,0.00,0.00,Korea,September,2020
Audit-Independent,"-4,024.38","-3,932.49",-91.89,0.00,Korea,September,2020
Audit-IMCOM Int Review,"1,395.29","1,363.43",31.86,0.00,Korea,September,2020
Other Expenses,"5,418.67","5,275.63",143.04,0.00,Korea,September,2020
Total Operating Expenses,"2,98,835.35","2,92,950.70","5,884.65",0.00,Korea,September,2020
Net Operating Income/(Loss),"14,32,312.55","14,02,825.30","29,487.25",0.00,Korea,September,2020
Interest Revenue,"19,505.75","19,288.16",217.59,0.00,Korea,September,2020
Net Income/(Loss),"14,51,818.30","14,22,113.46","29,704.84",0.00,Korea,September,2020
Distributions,"14,51,818.30","14,22,113.46","29,704.84",0.00,Korea,September,2020
After Distributions,0.00,0.00,0.00,0.00,Korea,September,2020
Gaming Machine Revenue,"17,66,523.10","17,43,256.40","23,266.70",0.00,Korea,September,2021
Total Revenue,"17,66,523.10","17,43,256.40","23,266.70",0.00,Korea,September,2021
Direct NAFI Reimbursement Gaming NAFI,"3,64,612.05","3,44,994.00","19,618.05",0.00,Korea,September,2021
Total Direct Reimbursement,"3,64,612.05","3,44,994.00","19,618.05",0.00,Korea,September,2021
Net Revenue,"14,01,911.05","13,98,262.40","3,648.65",0.00,Korea,September,2021
Operating Expenses Compensation & Benefits,"1,85,016.66","1,80,094.55","4,922.11",0.00,Korea,September,2021
Depreciation Expense,"81,210.78","80,341.20",869.58,0.00,Korea,September,2021
Contractor Fees,581.10,566.54,14.56,0.00,Korea,September,2021
Communications,"5,693.01","5,556.72",136.29,0.00,Korea,September,2021
TDY,86.52,84.35,2.17,0.00,Korea,September,2021
PCS,"2,445.65","2,384.38",61.27,0.00,Korea,September,2021
IT Expense & Maint,"5,793.42","5,635.54",157.88,0.00,Korea,September,2021
Machine Expense & Maint,471.75,439.63,32.12,0.00,Korea,September,2021
Vehicle Expense,339.70,336.63,3.07,0.00,Korea,September,2021
Training,0.00,0.00,0.00,0.00,Korea,September,2021
(Gain)/Loss on Disposals,0.00,0.00,0.00,0.00,Korea,September,2021
Audit-Independent,"2,134.12","2,080.65",53.47,0.00,Korea,September,2021
Audit-IMCOM Int Review,"2,017.63","1,967.08",50.55,0.00,Korea,September,2021
Other Expenses,33.21,50.21,-17.00,0.00,Korea,September,2021
Total Operating Expenses,"2,85,823.55","2,79,537.48","6,286.07",0.00,Korea,September,2021
Net Operating Income/(Loss),"11,16,087.50","11,18,724.92","-2,637.42",0.00,Korea,September,2021
Interest Revenue,"7,512.28","7,374.66",137.62,0.00,Korea,September,2021
Net Income/(Loss),"11,23,599.78","11,26,099.58","-2,499.80",0.00,Korea,September,2021
Distributions,"10,42,389.00","10,45,758.38","-3,369.38",0.00,Korea,September,2021
Net Income/(Loss) After Distributions,"81,210.78","80,341.20",869.58,0.00,Korea,September,2021
Gaming Machine Revenue,"18,69,989.56","18,36,345.14","33,644.42",0.00,Korea,September,2023
Total Revenue,"18,69,989.56","18,36,345.14","33,644.42",0.00,Korea,September,2023
Direct NAFI Reimbursement Gaming NAFI,"4,02,147.10","3,76,381.05","25,766.05",0.00,Korea,September,2023
Total Direct Reimbursement,"4,02,147.10","3,76,381.05","25,766.05",0.00,Korea,September,2023
Net Revenue,"14,67,842.46","14,59,964.09","7,878.37",0.00,Korea,September,2023
Operating Expenses Compensation & Benefits,"1,84,135.94","1,80,971.89","3,164.05",0.00,Korea,September,2023
Depreciation Expense,"97,029.74","95,699.88","1,329.86",0.00,Korea,September,2023
Contractor Fees,"3,890.75","3,767.09",123.66,0.00,Korea,September,2023
Communications,"4,638.22","4,622.97",15.25,0.00,Korea,September,2023
TDY,"3,540.09","3,450.81",89.28,0.00,Korea,September,2023
PCS,"39,291.90","39,257.50",34.40,0.00,Korea,September,2023
IT Expense & Maint,"5,373.72","5,206.55",167.17,0.00,Korea,September,2023
Machine Expense & Maint,"1,56,622.33","1,56,562.47",59.86,0.00,Korea,September,2023
Vehicle Expense,591.75,588.62,3.13,0.00,Korea,September,2023
Training,"1,076.50","1,042.29",34.21,0.00,Korea,September,2023
(Gain)/Loss on Disposals,"2,235.98","2,235.98",0.00,0.00,Korea,September,2023
Audit-Independent,"2,157.89","2,089.30",68.59,0.00,Korea,September,2023
Audit-IMCOM Int Review,105.20,101.86,3.34,0.00,Korea,September,2023
Other Expenses,"5,694.77","5,619.85",74.92,0.00,Korea,September,2023
Total Operating Expenses,"5,06,384.78","5,01,217.06","5,167.72",0.00,Korea,September,2023
Net Operating Income/(Loss),"9,61,457.68","9,58,747.03","2,710.65",0.00,Korea,September,2023
Interest Revenue,"17,150.39","16,929.79",220.60,0.00,Korea,September,2023
Non-Operating Inc/(Exp),-390.98,-378.55,-12.43,0.00,Korea,September,2023
Net Income/(Loss),"9,78,217.09","9,75,298.27","2,918.82",0.00,Korea,September,2023
Distributions,"9,78,217.09","9,75,298.27","2,918.82",0.00,Korea,September,2023
Net Income/(Loss) After Distributions,0.00,0.00,0.00,0.00,Korea,September,2023
Gaming Machine Revenue,"19,20,403.45","19,00,007.55","20,395.90",0.00,Korea,October,2020
Total Revenue,"19,20,403.45","19,00,007.55","20,395.90",0.00,Korea,October,2020
Direct NAFI Reimbursement Gaming NAFI,"4,03,195.60","3,88,918.45","14,277.15",0.00,Korea,October,2020
Total Direct Reimbursement,"4,03,195.60","3,88,918.45","14,277.15",0.00,Korea,October,2020
Net Revenue,"15,17,207.85","15,11,089.10","6,118.75",0.00,Korea,October,2020
Operating Expenses Compensation & Benefits,"1,61,012.72","1,56,895.89","4,116.83",0.00,Korea,October,2020
Depreciation Expense,"96,649.64","95,647.20","1,002.44",0.00,Korea,October,2020
Contractor Fees,508.78,496.70,12.08,0.00,Korea,October,2020
Communications,"5,922.65","5,865.40",57.25,0.00,Korea,October,2020
TDY,76.44,74.63,1.81,0.00,Korea,October,2020
PCS,765.40,747.22,18.18,0.00,Korea,October,2020
IT Expense & Maint,"5,637.55","5,507.00",130.55,0.00,Korea,October,2020
Machine Expense & Maint,67.29,67.02,0.27,0.00,Korea,October,2020
Vehicle Expense,699.29,679.65,19.64,0.00,Korea,October,2020
Training,0.00,0.00,0.00,0.00,Korea,October,2020
(Gain)/Loss on Disposals,0.00,0.00,0.00,0.00,Korea,October,2020
Audit-Independent,"2,077.19","2,027.85",49.34,0.00,Korea,October,2020
Audit-IMCOM Int Review,351.49,343.14,8.35,0.00,Korea,October,2020
Other Expenses,"4,928.43","4,863.63",64.80,0.00,Korea,October,2020
Total Operating Expenses,"2,78,696.87","2,73,215.33","5,481.54",0.00,Korea,October,2020
Net Operating Income/(Loss),"12,38,510.98","12,37,873.77",637.21,0.00,Korea,October,2020
Interest Revenue,"12,736.96","12,487.14",249.82,0.00,Korea,October,2020
Non-Operating Inc/(Exp),-0.67,-0.65,-0.02,0.00,Korea,October,2020
Net Income/(Loss),"12,51,247.27","12,50,360.26",887.01,0.00,Korea,October,2020
Distributions,"11,54,597.63","11,54,713.06",-115.43,0.00,Korea,October,2020
Net Income/(Loss) After Distributions,"96,649.64","95,647.20","1,002.44",0.00,Korea,October,2020
Gaming Machine Revenue,"15,81,880.40","15,55,146.40","26,734.00",0.00,Korea,October,2021
Total Revenue,"15,81,880.40","15,55,146.40","26,734.00",0.00,Korea,October,2021
Gaming NAFI,"3,58,361.85","3,42,979.40","15,382.45",0.00,Korea,October,2021
Total Direct Reimbursement,"3,58,361.85","3,42,979.40","15,382.45",0.00,Korea,October,2021
Net Revenue,"12,23,518.55","12,12,167.00","11,351.55",0.00,Korea,October,2021
Compensation & Benefits,"1,39,709.45","1,35,972.50","3,736.95",0.00,Korea,October,2021
Depreciation Expense,"81,116.32","80,237.66",878.66,0.00,Korea,October,2021
Contractor Fees,963.05,933.66,29.39,0.00,Korea,October,2021
Communications,"5,769.79","5,600.96",168.83,0.00,Korea,October,2021
TDY,91.07,88.29,2.78,0.00,Korea,October,2021
PCS,355.88,345.02,10.86,0.00,Korea,October,2021
IT Expense & Maint,"8,662.17","8,446.75",215.42,0.00,Korea,October,2021
Machine Expense & Maint,"15,563.14","15,089.92",473.22,0.00,Korea,October,2021
Vehicle Expense,519.29,487.86,31.43,0.00,Korea,October,2021
Training,0.00,0.00,0.00,0.00,Korea,October,2021
(Gain)/Loss on Disposals,0.00,0.00,0.00,0.00,Korea,October,2021
Audit-Independent,"2,050.46","1,987.89",62.57,0.00,Korea,October,2021
Audit-IMCOM Int Review,"1,431.75","1,388.06",43.69,0.00,Korea,October,2021
Other Expenses,"7,177.77","7,015.79",161.98,0.00,Korea,October,2021
Total Operating Expenses,"2,63,410.14","2,57,594.36","5,815.78",0.00,Korea,October,2021
Net Operating Income/(Loss),"9,60,108.41","9,54,572.64","5,535.77",0.00,Korea,October,2021
Interest Revenue,"7,975.62","7,861.23",114.39,0.00,Korea,October,2021
Non-Operating Inc/(Exp),-8.04,-7.79,-0.25,0.00,Korea,October,2021
Net Income/(Loss),"9,68,075.99","9,62,426.08","5,649.91",0.00,Korea,October,2021
Distributions,"8,86,959.67","8,82,188.42","4,771.25",0.00,Korea,October,2021
After Distributions,"81,116.32","80,237.66",878.66,0.00,Korea,October,2021
Gaming Machine Revenue,"17,11,927.35","16,70,827.40","41,099.95",0.00,Korea,October,2022
Total Revenue,"17,11,927.35","16,70,827.40","41,099.95",0.00,Korea,October,2022
Direct NAFI Reimbursement Gaming NAFI,"3,89,768.50","3,60,998.50","28,770.00",0.00,Korea,October,2022
Total Direct Reimbursement,"3,89,768.50","3,60,998.50","28,770.00",0.00,Korea,October,2022
Net Revenue,"13,22,158.85","13,09,828.90","12,329.95",0.00,Korea,October,2022
Operating Expenses Compensation & Benefits,"1,44,952.44","1,42,752.35","2,200.09",0.00,Korea,October,2022
Depreciation Expense,"61,985.52","61,585.52",400.00,0.00,Korea,October,2022
Contractor Fees,742.66,723.07,19.59,0.00,Korea,October,2022
Communications,"4,383.11","4,370.32",12.79,0.00,Korea,October,2022
TDY,"2,821.16","2,746.74",74.42,0.00,Korea,October,2022
PCS,"1,951.89","1,942.17",9.72,0.00,Korea,October,2022
IT Expense & Maint,"6,043.40","5,872.01",171.39,0.00,Korea,October,2022
Machine Expense & Maint,"1,164.66","1,164.47",0.19,0.00,Korea,October,2022
Vehicle Expense,571.70,568.51,3.19,0.00,Korea,October,2022
Training,0.00,0.00,0.00,0.00,Korea,October,2022
(Gain)/Loss on Disposals,0.00,0.00,0.00,0.00,Korea,October,2022
Audit-Independent,"2,164.09","2,107.00",57.09,0.00,Korea,October,2022
Audit-IMCOM Int Review,953.64,928.48,25.16,0.00,Korea,October,2022
Other Expenses,"4,241.16","4,158.69",82.47,0.00,Korea,October,2022
Total Operating Expenses,"2,31,975.43","2,28,919.33","3,056.10",0.00,Korea,October,2022
Net Operating Income/(Loss),"10,90,183.42","10,80,909.57","9,273.85",0.00,Korea,October,2022
Interest Revenue,"15,491.65","15,254.26",237.39,0.00,Korea,October,2022
Non-Operating Inc/(Exp),"-1,278.82","-1,245.08",-33.74,0.00,Korea,October,2022
Net Income/(Loss),"11,04,396.25","10,94,918.75","9,477.50",0.00,Korea,October,2022
Distributions,"11,04,396.25","10,94,918.75","9,477.50",0.00,Korea,October,2022
Net Income/(Loss) After Distributions,0.00,0.00,0.00,0.00,Korea,October,2022
Gaming Machine Revenue,"17,16,407.50","16,94,957.05","21,450.45",0.00,Korea,October,2023
Total Revenue,"17,16,407.50","16,94,957.05","21,450.45",0.00,Korea,October,2023
Direct NAFI Reimbursement Gaming NAFI,"3,58,548.25","3,46,248.10","12,300.15",0.00,Korea,October,2023
Total Direct Reimbursement,"3,58,548.25","3,46,248.10","12,300.15",0.00,Korea,October,2023
Net Revenue,"13,57,859.25","13,48,708.95","9,150.30",0.00,Korea,October,2023
Operating Expenses Compensation & Benefits,"1,70,167.29","1,67,148.98","3,018.31",0.00,Korea,October,2023
Depreciation Expense,"95,366.60","94,036.89","1,329.71",0.00,Korea,October,2023
Contractor Fees,"3,207.10","3,102.34",104.76,0.00,Korea,October,2023
Communications,"5,046.30","5,030.02",16.28,0.00,Korea,October,2023
TDY,"4,510.77","4,432.23",78.54,0.00,Korea,October,2023
PCS,"4,052.86","4,010.98",41.88,0.00,Korea,October,2023
IT Expense & Maint,"5,116.26","4,929.87",186.39,0.00,Korea,October,2023
Machine Expense & Maint,"65,712.70","65,712.47",0.23,0.00,Korea,October,2023
Vehicle Expense,489.32,486.55,2.77,0.00,Korea,October,2023
Training,391.63,378.84,12.79,0.00,Korea,October,2023
(Gain)/Loss on Disposals,0.00,0.00,0.00,0.00,Korea,October,2023
Audit-Independent,"2,122.62","2,053.29",69.33,0.00,Korea,October,2023
Audit-IMCOM Int Review,308.20,298.13,10.07,0.00,Korea,October,2023
Other Expenses,"6,453.34","6,404.03",49.31,0.00,Korea,October,2023
Total Operating Expenses,"3,62,944.99","3,58,024.62","4,920.37",0.00,Korea,October,2023
Net Operating Income/(Loss),"9,94,914.26","9,90,684.33","4,229.93",0.00,Korea,October,2023
Interest Revenue,"17,335.04","17,122.40",212.64,0.00,Korea,October,2023
Net Income/(Loss),"10,12,249.30","10,07,806.73","4,442.57",0.00,Korea,October,2023
Distributions,"10,12,249.30","10,07,806.73","4,442.57",0.00,Korea,October,2023
Net Income/(Loss) After Distributions,0.00,0.00,0.00,0.00,Korea,October,2023
Gaming Machine Revenue,"15,29,668.65","15,12,604.15","17,064.50",0.00,Korea,November,2020
Total Revenue,"15,29,668.65","15,12,604.15","17,064.50",0.00,Korea,November,2020
Gaming NAFI,"3,46,260.50","3,33,417.95","12,842.55",0.00,Korea,November,2020
Total Direct Reimbursement,"3,46,260.50","3,33,417.95","12,842.55",0.00,Korea,November,2020
Net Revenue,"11,83,408.15","11,79,186.20","4,221.95",0.00,Korea,November,2020
Compensation & Benefits,"1,56,771.72","1,52,611.60","4,160.12",0.00,Korea,November,2020
Depreciation Expense,"96,396.35","95,399.62",996.73,0.00,Korea,November,2020
Contractor Fees,259.34,253.18,6.16,0.00,Korea,November,2020
Communications,"6,201.75","6,136.41",65.34,0.00,Korea,November,2020
TDY,11.23,10.96,0.27,0.00,Korea,November,2020
PCS,277.49,270.90,6.59,0.00,Korea,November,2020
IT Expense & Maint,"5,930.17","5,794.63",135.54,0.00,Korea,November,2020
Machine Expense &   Maint,"6,161.19","6,158.85",2.34,0.00,Korea,November,2020
Vehicle Expense,631.25,608.87,22.38,0.00,Korea,November,2020
Training,0.00,0.00,0.00,0.00,Korea,November,2020
(Gain)/Loss on Disposals,0.00,0.00,0.00,0.00,Korea,November,2020
Audit-Independent,"2,077.19","2,027.85",49.34,0.00,Korea,November,2020
Audit-IMCOM Int Review,201.22,196.44,4.78,0.00,Korea,November,2020
Other Expenses,"7,044.02","6,914.41",129.61,0.00,Korea,November,2020
Total Operating Expenses,"2,81,962.92","2,76,383.72","5,579.20",0.00,Korea,November,2020
Net Operating Income/(Loss),"9,01,445.23","9,02,802.48","-1,357.25",0.00,Korea,November,2020
Interest Revenue,"10,094.39","9,896.40",197.99,0.00,Korea,November,2020
Non-Operating Inc/(Exp),-3.46,-0.38,-0.08,0.00,Korea,November,2020
Net Income/(Loss),"9,11,536.16","9,12,695.50","-1,159.34",0.00,Korea,November,2020
Distributions                    ,"8,15,139.81","8,17,295.88","-2,156.07",0.00,Korea,November,2020
"Net Income/(Loss)
After Distributions","96,396.35","95,399.62",996.73,0.00,Korea,November,2020
Gaming Machine Revenue,"19,52,504.15","18,84,066.70","68,437.45",0.00,Korea,November,2021
Total Revenue,"19,52,504.15","18,84,066.70","68,437.45",0.00,Korea,November,2021
Direct NAFI Reimbursement Gaming NAFI,"4,04,936.11","3,57,029.91","47,906.20",0.00,Korea,November,2021
Total Direct Reimbursement,"4,04,936.11","3,57,029.91","47,906.20",0.00,Korea,November,2021
Net Revenue,"15,47,568.04","15,27,036.79","20,531.25",0.00,Korea,November,2021
Operating Expenses Compensation & Benefits,"1,44,617.11","1,40,536.10","4,081.01",0.00,Korea,November,2021
Depreciation Expense,"81,006.82","80,131.50",875.32,0.00,Korea,November,2021
Contractor Fees,0.00,0.00,0.00,0.00,Korea,November,2021
Communications,"4,613.07","4,467.26",145.81,0.00,Korea,November,2021
TDY,129.86,125.89,3.97,0.00,Korea,November,2021
PCS,355.88,345.02,10.86,0.00,Korea,November,2021
IT Expense & Maint,"5,460.46","5,250.26",210.20,0.00,Korea,November,2021
Machine Expense & Maint,"2,067.85","1,937.66",130.19,0.00,Korea,November,2021
Vehicle Expense,579.80,548.82,30.98,0.00,Korea,November,2021
Training,0.00,0.00,0.00,0.00,Korea,November,2021
(Gain)/Loss on Disposals,0.00,0.00,0.00,0.00,Korea,November,2021
Audit-Independent,"2,050.46","1,987.89",62.57,0.00,Korea,November,2021
Audit-IMCOM Int Review,0.00,0.00,0.00,0.00,Korea,November,2021
Other Expenses,"7,154.98","6,942.02",212.96,0.00,Korea,November,2021
Total Operating Expenses,"2,48,036.29","2,42,272.42","5,763.87",0.00,Korea,November,2021
Net Operating Income/(Loss),"12,99,531.75","12,84,764.37","14,767.38",0.00,Korea,November,2021
Interest Revenue,"6,865.12","6,766.66",98.46,0.00,Korea,November,2021
Non-Operating Inc/(Exp),-1.04,-1.01,-0.03,0.00,Korea,November,2021
Net Income/(Loss),"13,06,395.83","12,91,530.02","14,865.81",0.00,Korea,November,2021
Distributions,"13,06,395.83","12,91,530.02","14,865.81",0.00,Korea,November,2021
Net Income/(Loss) After Distributions,0.00,0.00,0.00,0.00,Korea,November,2021
Gaming Machine Revenue,"21,51,218.30","21,28,800.55","22,417.75",0.00,Korea,November,2022
Total Revenue,"21,51,218.30","21,28,800.55","22,417.75",0.00,Korea,November,2022
Direct NAFI Reimbursement Gaming NAFI,"4,09,989.15","3,94,296.75","15,692.40",0.00,Korea,November,2022
Total Direct Reimbursement,"4,09,989.15","3,94,296.75","15,692.40",0.00,Korea,November,2022
Net Revenue,"17,41,229.15","17,34,503.80","6,725.35",0.00,Korea,November,2022
Operating Expenses Compensation & Benefits,"1,51,635.71","1,49,374.49","2,261.22",0.00,Korea,November,2022
Depreciation Expense,"61,985.52","61,585.52",400.00,0.00,Korea,November,2022
Contractor Fees,140.28,136.58,3.70,0.00,Korea,November,2022
Communications,"5,538.06","5,518.10",19.96,0.00,Korea,November,2022
TDY,"2,458.06","2,399.70",58.36,0.00,Korea,November,2022
PCS,"16,796.04","16,321.08",474.96,0.00,Korea,November,2022
IT Expense & Maint,"5,939.82","5,774.14",165.68,0.00,Korea,November,2022
Machine Expense & Maint,68.27,68.08,0.19,0.00,Korea,November,2022
Vehicle Expense,548.32,545.46,2.86,0.00,Korea,November,2022
Training,0.00,0.00,0.00,0.00,Korea,November,2022
(Gain)/Loss on Disposals,0.00,0.00,0.00,0.00,Korea,November,2022
Audit-Independent,"2,164.09","2,107.00",57.09,0.00,Korea,November,2022
Audit-IMCOM Int Review,"1,029.50","1,002.34",27.16,0.00,Korea,November,2022
Other Expenses,"5,786.31","5,747.88",38.43,0.00,Korea,November,2022
Total Operating Expenses,"2,54,089.98","2,50,580.37","3,509.61",0.00,Korea,November,2022
Net Operating Income/(Loss),"14,87,139.17","14,83,923.43","3,215.74",0.00,Korea,November,2022
Interest Revenue,"15,125.49","14,893.72",231.77,0.00,Korea,November,2022
Non-Operating Inc/(Exp),-8.72,-8.49,-0.23,0.00,Korea,November,2022
Net Income/(Loss),"15,02,255.94","14,98,808.66","3,447.28",0.00,Korea,November,2022
Distributions,"15,02,255.94","14,98,808.66","3,447.28",0.00,Korea,November,2022
Net Income/(Loss) After Distributions,0.00,0.00,0.00,0.00,Korea,November,2022
Gaming Machine Revenue,"16,93,274.46","16,77,202.41","16,072.05",0.00,Korea,November,2023
Total Revenue,"16,93,274.46","16,77,202.41","16,072.05",0.00,Korea,November,2023
Gaming NAFI,"3,36,957.50","3,20,172.60","16,784.90",0.00,Korea,November,2023
Total Direct Reimbursement,"3,36,957.50","3,20,172.60","16,784.90",0.00,Korea,November,2023
Net Revenue,"13,56,316.96","13,57,029.81",-712.85,0.00,Korea,November,2023
Compensation & Benefits,"1,69,330.51","1,66,310.84","3,019.67",0.00,Korea,November,2023
Depreciation Expense,"89,799.62","88,803.11",996.51,0.00,Korea,November,2023
Contractor Fees,314.25,303.99,10.26,0.00,Korea,November,2023
Communications,"5,433.84","5,414.59",19.25,0.00,Korea,November,2023
TDY,"3,705.49","3,584.46",121.03,0.00,Korea,November,2023
PCS,"1,904.24","1,871.52",32.72,0.00,Korea,November,2023
IT Expense & Maint,"5,416.70","5,220.49",196.21,0.00,Korea,November,2023
Machine Expense & Maint,"56,767.38","56,569.75",197.63,0.00,Korea,November,2023
Vehicle Expense,64.23,65.33,-1.10,0.00,Korea,November,2023
Training,"1,363 .18","1,318.65",44.53,0.00,Korea,November,2023
(Gain)/Loss on Disposals,0.00,0.00,0.00,0.00,Korea,November,2023
Audit-Independent,"2,122.62","2,053.29",69.33,0.00,Korea,November,2023
Audit-IMCOM Int Review,232.87,225.26,7.61,0.00,Korea,November,2023
Other Expenses,"7,838.49","7,768.75",69.74,0.00,Korea,November,2023
Total Operating Expenses,"3,44,293.42","3,39,510.03","4,783.39",0.00,Korea,November,2023
Net Operating Income/(Loss),"10,12,023.54","10,17,519.78","-5,496.24",0.00,Korea,November,2023
Interest Revenue,"19,236.92","19,000.95",235.97,0.00,Korea,November,2023
Non-Operating Inc/(Exp),-20.99,-20.30,-0.69,0.00,Korea,November,2023
Net Income/(Loss),"10,31,239.47","10,36,500.43","-5,260.96",0.00,Korea,November,2023
Distributions,"10,31,239.47","10,36,500.43","-5,260.96",0.00,Korea,November,2023
After Distributions,0.00,0.00,0.00,0.00,Korea,November,2023
Gaming Machine Revenue,"23,44,311.25","22,82,710.35","61,600.90",0.00,Korea,December,2020
Total Revenue,"23,44,311.25","22,82,710.35","61,600.90",0.00,Korea,December,2020
Direct NAFI Reimbursement Gaming NAFI,"4,57,869.05","4,15,645.80","42,223.25",0.00,Korea,December,2020
Total Direct Reimbursement,"4,57,869.05","4,15,645.80","42,223.25",0.00,Korea,December,2020
Net Revenue,"18,86,442.20","18,67,064.55","19,377.65",0.00,Korea,December,2020
Operating Expenses Compensation & Benefits,"1,60,816.10","1,56,657.90","4,158.20",0.00,Korea,December,2020
Depreciation Expense,"96,520.65","95,520.97",999.68,0.00,Korea,December,2020
Contractor Fees,0.00,0.00,0.00,0.00,Korea,December,2020
Communications,"11,068.90","10,903.27",165.63,0.00,Korea,December,2020
TDY,54.50,53.20,1.30,0.00,Korea,December,2020
PCS,"1,530.77","1,494.41",36.36,0.00,Korea,December,2020
IT Expense & Maint,"5,748.32","5,617.56",130.76,0.00,Korea,December,2020
Machine Expense &   Maint,"2,118.17","2,041.76",76.41,0.00,Korea,December,2020
Vehicle Expense Training,490.53,488.17,2.36,0.00,Korea,December,2020
(Gain)/Loss on Disposals,0.00,0.00,0.00,0.00,Korea,December,2020
Audit-Independent,"2,077.19","2,027.85",49.34,0.00,Korea,December,2020
Audit-IMCOM Int Review,0.00,0.00,0.00,0.00,Korea,December,2020
Other Expenses,"5,439.04","5,309.15",129.89,0.00,Korea,December,2020
Total Operating Expenses,"2,85,864.17","2,80,114.24","5,749.93",0.00,Korea,December,2020
Net Operating Income/(Loss),"16,00,578.03","15,86,950.31","13,627.72",0.00,Korea,December,2020
Interest Revenue,"9,279.97","9,097.96",182.01,0.00,Korea,December,2020
Non-Operating Inc/(Exp),-0.13,-0.13,0.00,0.00,Korea,December,2020
Net Income/(Loss),"16,09,857.87","15,96,048.14","13,809.73",0.00,Korea,December,2020
Distributions,"15,13,337.22","15,00,527.17","12,810.05",0.00,Korea,December,2020
Net Income/(Loss) After Distributions,"96,520.65","95,520.97",999.68,0.00,Korea,December,2020
Gaming Machine Revenue,"16,59,919.80","16,19,042.80","40,877.00",0.00,Korea,December,2021
Total Revenue,"16,59,919.80","16,19,042.80","40,877.00",0.00,Korea,December,2021
Direct NAFI Reimbursement Gaming NAFI,"3,61,929.85","3,33,315.95","28,613.90",0.00,Korea,December,2021
Total Direct Reimbursement,"3,61,929.85","3,33,315.95","28,613.90",0.00,Korea,December,2021
Net Revenue,"12,97,989.95","12,85,726.85","12,263.10",0.00,Korea,December,2021
Operating Expenses Compensation & Benefits,"1,50,679.99","1,46,458.33","4,221.66",0.00,Korea,December,2021
Depreciation Expense,"81,007.21","80,131.89",875.32,0.00,Korea,December,2021
Contractor Fees,0.00,0.00,0.00,0.00,Korea,December,2021
Communications,"5,736.20","5,556.06",180.14,0.00,Korea,December,2021
TDY,264.96,256.87,8.09,0.00,Korea,December,2021
PCS,"4,882.23","4,751.91",130.32,0.00,Korea,December,2021
IT Expense & Maint,"7,639.71","7,361.87",277.84,0.00,Korea,December,2021
Machine Expense & Maint,"1,356.10","1,347.33",8.77,0.00,Korea,December,2021
Vehicle Expense,337.23,329.88,7.35,0.00,Korea,December,2021
Training,346.37,335.80,10.57,0.00,Korea,December,2021
(Gain)/Loss on Disposals,0.00,0.00,0.00,0.00,Korea,December,2021
Audit-Independent,"2,050.46","1,987.89",62.57,0.00,Korea,December,2021
Audit-IMCOM Int Review,816.71,791.79,24.92,0.00,Korea,December,2021
Other Expenses,"6,308.12","6,146.29",161.83,0.00,Korea,December,2021
Total Operating Expenses,"2,61,425.29","2,55,455.91","5,969.38",0.00,Korea,December,2021
Net Operating Income/(Loss),"10,36,564.66","10,30,270.94","6,293.72",0.00,Korea,December,2021
Interest Revenue,"7,372.47","7,266.73",105.74,0.00,Korea,December,2021
Net Income/(Loss),"10,43,937.13","10,37,537.67","6,399.46",0.00,Korea,December,2021
Distributions,"10,43,937.13","10,37,537.67","6,399.46",0.00,Korea,December,2021
Net Income/(Loss) After Distributions,0.00,0.00,0.00,0.00,Korea,December,2021
Gaming Machine Revenue,"17,31,912.55","17,29,733.30","2,179.25",0.00,Korea,December,2022
Total Revenue,"17,31,912.55","17,29,733.30","2,179.25",0.00,Korea,December,2022
Gaming NAFI,"3,91,789.15","3,84,117.50","7,671.65",0.00,Korea,December,2022
Total Direct Reimbursement,"3,91,789.15","3,84,117.50","7,671.65",0.00,Korea,December,2022
Net Revenue,"13,40,123.40","13,45,615.80","-5,492.40",0.00,Korea,December,2022
Compensation & Benefits,"1,41,456.22","1,39,310.70","2,145.52",0.00,Korea,December,2022
Depreciation Expense,"62,768.84","62,368.84",400.00,0.00,Korea,December,2022
Contractor Fees,577.64,562.40,15.24,0.00,Korea,December,2022
Communications,"5,195.30","5,176.47",18.83,0.00,Korea,December,2022
TDY,"2,577.60","2,554.39",23.21,0.00,Korea,December,2022
PCS,"1,306.74","1,299.20",7.54,0.00,Korea,December,2022
IT Expense & Maint,"6,162.45","5,987.91",174.54,0.00,Korea,December,2022
Machine Expense & Maint,"14,878.26","14,878.07",0.19,0.00,Korea,December,2022
Vehicle Expense,"1,687.91","1,688.38",-0.47,0.00,Korea,December,2022
Training,0.00,0.00,0.00,0.00,Korea,December,2022
(Gain)/Loss on Disposals,0.00,0.00,0.00,0.00,Korea,December,2022
Audit-Independent,"2,164.09","2,107.00",57.09,0.00,Korea,December,2022
Audit-IMCOM Int Review,527.01,513.11,13.90,0.00,Korea,December,2022
Other Expenses,"7,952.04","7,897.79",54.25,0.00,Korea,December,2022
Total Operating Expenses,"2,47,254.10","2,44,344.26","2,909.84",0.00,Korea,December,2022
Net Operating Income/(Loss),"10,92,869.30","l,101,271.54","-8,402.24",0.00,Korea,December,2022
Interest Revenue,"19,627.07","19,326.32",300.75,0.00,Korea,December,2022
Net Income/(Loss),"11,12,496.37","11,20,597.86","-8,101.49",0.00,Korea,December,2022
Distributions,"11,12,496.37","11,20,597.86","-8,101.49",0.00,Korea,December,2022
After Distributions,0.00,0.00,0.00,0.00,Korea,December,2022
Gaming Machine Revenue,"15,17,091.14","14,67,621.09","49,470.05",0.00,Korea,December,2023
Total Revenue,"l,517,091.14","14,67,621.09","49,470.05",0.00,Korea,December,2023
Gaming NAFI,"3,77,957.90","3,46,093.60","31,864.30",0.00,Korea,December,2023
Total Direct Reimbursement,"3,77,957.90","3,46,093.60","31,864.30",0.00,Korea,December,2023
Net Revenue,"11,39,133.24","11,21,527.49","17,605.75",0.00,Korea,December,2023
Compensation & Benefits,"1,57,291.17","1,54,537.12","2,754.05",0.00,Korea,December,2023
Depreciation Expense,"96,692.11","95,695.60",996.51,0.00,Korea,December,2023
Contractor Fees,"1,484.31","1,435.83",48.48,0.00,Korea,December,2023
Communications,"4,991.10","4,974.10",17.00,0.00,Korea,December,2023
TDY,"1,982.87","1,935.13",47.74,0.00,Korea,December,2023
PCS,"7,977.48","7,667.77",309.71,0.00,Korea,December,2023
IT Expense & Maint,"22,083 .53","21,342.92",740.61,0.00,Korea,December,2023
Machine Expense & Maint,"10,392.54","10,068.01",324.53,0.00,Korea,December,2023
Vehicle Expense,"1,103 .64","1,100.00",3.64,0.00,Korea,December,2023
Training,707.15,684.05,23.10,0.00,Korea,December,2023
(Gain)/Loss on Disposals,0.00,0.00,0.00,0.00,Korea,December,2023
Audit-Independent,"2,122.62","2,053.29",69.33,0.00,Korea,December,2023
Audit-IMCOM Int Review,487.69,471.76,15.93,0.00,Korea,December,2023
Other Expenses,"3,994.20","4,000.17",-5.97,0.00,Korea,December,2023
Total Operating Expenses,"3,11,310.41","3,05,965.75","5,344.66",0.00,Korea,December,2023
Net Operating Income/(Loss),"8,27,822.83","8,15,561.74","12,261.09",0.00,Korea,December,2023
Interest Revenue,"22,647.29","22,369.48",277.81,0.00,Korea,December,2023
Non-Operating Inc/(Exp),17.56,16.99,0.57,0.00,Korea,December,2023
Net Income/(Loss),"8,50,487.68","8,37,948.21","12,539.47",0.00,Korea,December,2023
Distributions,"8,50,487.68","8,37,948.21","12,539.47",0.00,Korea,December,2023
After Distributions,0.00,0.00,0.00,0.00,Korea,December,2023